experiment,id,category,top_score,superseded@5,words@5,top5,latency_s,hit@1,recall@1,hit@3,recall@3,hit@5,recall@5,hit@10,recall@10,mrr,ndcg@10
1_fixed,Q01,table,0.6573916589417113,1.0,1391,"['fixed-009', 'fixed-029', 'fixed-028', 'fixed-017', 'fixed-008']",0.072,1.0,1.0,1.0,1.0,1.0,1.0,1.0,1.0,1.0,1.0
1_fixed,Q02,override,0.6059260415266738,1.0,1391,"['fixed-009', 'fixed-028', 'fixed-014', 'fixed-025', 'fixed-029']",0.066,1.0,0.5,1.0,1.0,1.0,1.0,1.0,1.0,1.0,1.0
1_fixed,Q03,image,0.6506075587004903,0.0,1500,"['fixed-010', 'fixed-020', 'fixed-025', 'fixed-026', 'fixed-009']",0.074,0.0,0.0,0.0,0.0,0.0,0.0,0.0,0.0,0.0,0.0
1_fixed,Q04,confusable,0.5710401280477791,0.0,1500,"['fixed-010', 'fixed-020', 'fixed-009', 'fixed-026', 'fixed-014']",0.068,1.0,1.0,1.0,1.0,1.0,1.0,1.0,1.0,1.0,1.0
1_fixed,Q05,image+override,0.7002777051561565,0.0,1500,"['fixed-004', 'fixed-006', 'fixed-005', 'fixed-003', 'fixed-007']",0.073,1.0,0.5,1.0,0.5,1.0,0.5,1.0,0.5,1.0,0.6131471927654584
1_fixed,Q06,confusable,0.7118369067582095,0.0,1500,"['fixed-004', 'fixed-005', 'fixed-006', 'fixed-003', 'fixed-007']",0.072,1.0,0.5,1.0,0.5,1.0,0.5,1.0,0.5,1.0,0.6131471927654584
1_fixed,Q07,text,0.6565614240625592,1.0,1391,"['fixed-005', 'fixed-006', 'fixed-025', 'fixed-029', 'fixed-008']",0.074,1.0,1.0,1.0,1.0,1.0,1.0,1.0,1.0,1.0,1.0
1_fixed,Q08,confusable,0.6271384776499093,0.0,1500,"['fixed-005', 'fixed-007', 'fixed-017', 'fixed-019', 'fixed-026']",0.069,1.0,1.0,1.0,1.0,1.0,1.0,1.0,1.0,1.0,1.0
1_fixed,Q09,confusable,0.7363418469902645,0.0,1500,"['fixed-006', 'fixed-007', 'fixed-005', 'fixed-004', 'fixed-003']",0.074,1.0,1.0,1.0,1.0,1.0,1.0,1.0,1.0,1.0,1.0
1_fixed,Q10,superseded-trap,0.5696208894630348,0.0,1500,"['fixed-020', 'fixed-019', 'fixed-010', 'fixed-024', 'fixed-008']",0.067,1.0,1.0,1.0,1.0,1.0,1.0,1.0,1.0,1.0,1.0
1_fixed,Q11,text,0.5693204903996935,0.0,1500,"['fixed-010', 'fixed-020', 'fixed-024', 'fixed-007', 'fixed-026']",0.067,0.0,0.0,1.0,1.0,1.0,1.0,1.0,1.0,0.5,0.6309297535714575
1_fixed,Q12,superseded-trap,0.6560924726190149,1.0,1391,"['fixed-009', 'fixed-029', 'fixed-008', 'fixed-028', 'fixed-010']",0.07,1.0,1.0,1.0,1.0,1.0,1.0,1.0,1.0,1.0,1.0
1_fixed,Q13,image,0.6399207010490054,1.0,1500,"['fixed-013', 'fixed-015', 'fixed-014', 'fixed-028', 'fixed-025']",0.079,0.0,0.0,0.0,0.0,0.0,0.0,0.0,0.0,0.0,0.0
1_fixed,Q14,abstain,0.640952659454079,1.0,1500,"['fixed-014', 'fixed-025', 'fixed-015', 'fixed-028', 'fixed-013']",0.075,,,,,,,,,,
1_fixed,Q15,image,0.46095153893928414,1.0,1500,"['fixed-013', 'fixed-017', 'fixed-028', 'fixed-014', 'fixed-000']",0.071,0.0,0.0,0.0,0.0,0.0,0.0,0.0,0.0,0.0,0.0
1_fixed,Q16,image,0.457879919142694,1.0,1500,"['fixed-012', 'fixed-023', 'fixed-011', 'fixed-027', 'fixed-028']",0.07,0.0,0.0,0.0,0.0,0.0,0.0,0.0,0.0,0.0,0.0
1_fixed,Q17,templated,0.5707330348536732,0.0,1500,"['fixed-015', 'fixed-013', 'fixed-009', 'fixed-026', 'fixed-020']",0.083,1.0,1.0,1.0,1.0,1.0,1.0,1.0,1.0,1.0,1.0
1_fixed,Q18,superseded-trap,0.5404877665170561,1.0,1391,"['fixed-011', 'fixed-027', 'fixed-029', 'fixed-028', 'fixed-012']",0.08,1.0,1.0,1.0,1.0,1.0,1.0,1.0,1.0,1.0,1.0
1_fixed,Q19,image,0.5039091133284431,1.0,1391,"['fixed-027', 'fixed-029', 'fixed-028', 'fixed-021', 'fixed-011']",0.106,0.0,0.0,0.0,0.0,0.0,0.0,0.0,0.0,0.0,0.0
1_fixed,Q20,image,0.6661538017931431,1.0,1500,"['fixed-023', 'fixed-022', 'fixed-027', 'fixed-024', 'fixed-028']",0.171,0.0,0.0,0.0,0.0,0.0,0.0,0.0,0.0,0.0,0.0
1_fixed,Q21,confusable,0.5713586146130942,1.0,1500,"['fixed-027', 'fixed-023', 'fixed-022', 'fixed-002', 'fixed-028']",0.153,0.0,0.0,1.0,1.0,1.0,1.0,1.0,1.0,0.5,0.6309297535714575
1_fixed,Q22,confusable,0.5177509803353797,1.0,1500,"['fixed-023', 'fixed-022', 'fixed-028', 'fixed-024', 'fixed-000']",0.17,1.0,1.0,1.0,1.0,1.0,1.0,1.0,1.0,1.0,1.0
1_fixed,Q23,text,0.5910522223355321,0.0,1500,"['fixed-020', 'fixed-021', 'fixed-010', 'fixed-026', 'fixed-011']",0.161,1.0,1.0,1.0,1.0,1.0,1.0,1.0,1.0,1.0,1.0
1_fixed,Q24,confusable,0.606417765210631,1.0,1391,"['fixed-010', 'fixed-021', 'fixed-009', 'fixed-028', 'fixed-029']",0.148,1.0,1.0,1.0,1.0,1.0,1.0,1.0,1.0,1.0,1.0
1_fixed,Q25,abstain,0.5412668468056142,0.0,1500,"['fixed-021', 'fixed-000', 'fixed-013', 'fixed-027', 'fixed-024']",0.145,,,,,,,,,,
1_fixed,Q26,abstain,0.5151485085877441,0.0,1500,"['fixed-000', 'fixed-021', 'fixed-013', 'fixed-027', 'fixed-024']",0.155,,,,,,,,,,
1_fixed,Q27,table,0.601881624176507,0.0,1500,"['fixed-002', 'fixed-019', 'fixed-026', 'fixed-003', 'fixed-007']",0.192,1.0,1.0,1.0,1.0,1.0,1.0,1.0,1.0,1.0,1.0
1_fixed,Q28,image,0.5153880494925533,0.0,1500,"['fixed-024', 'fixed-003', 'fixed-025', 'fixed-011', 'fixed-020']",0.164,0.0,0.0,0.0,0.0,0.0,0.0,0.0,0.0,0.0,0.0
1_fixed,Q29,text,0.6934227972355687,0.0,1500,"['fixed-004', 'fixed-005', 'fixed-006', 'fixed-019', 'fixed-003']",0.169,1.0,1.0,1.0,1.0,1.0,1.0,1.0,1.0,1.0,1.0
1_fixed,Q30,multi-hop,0.5697406120645854,0.0,1500,"['fixed-015', 'fixed-016', 'fixed-013', 'fixed-025', 'fixed-017']",0.141,1.0,0.6666666666666666,1.0,1.0,1.0,1.0,1.0,1.0,1.0,1.173196815056891
1_fixed,Q31,confusable,0.3950792912664605,0.0,1500,"['fixed-025', 'fixed-018', 'fixed-014', 'fixed-027', 'fixed-019']",0.139,0.0,0.0,1.0,1.0,1.0,1.0,1.0,1.0,0.5,0.6309297535714575
1_fixed,Q32,superseded-trap,0.6320610617172948,0.0,1500,"['fixed-010', 'fixed-025', 'fixed-024', 'fixed-020', 'fixed-026']",0.153,1.0,1.0,1.0,1.0,1.0,1.0,1.0,1.0,1.0,1.0
1_fixed,Q33,confusable,0.6798487226688388,1.0,1500,"['fixed-022', 'fixed-023', 'fixed-027', 'fixed-028', 'fixed-024']",0.152,1.0,1.0,1.0,1.0,1.0,1.0,1.0,1.0,1.0,1.0
1_fixed,Q34,table,0.6685659579201697,0.0,1500,"['fixed-007', 'fixed-008', 'fixed-006', 'fixed-026', 'fixed-024']",0.168,1.0,1.0,1.0,1.0,1.0,1.0,1.0,1.0,1.0,1.0
1_fixed,Q35,abstain,0.5479876112151492,0.0,1500,"['fixed-015', 'fixed-017', 'fixed-016', 'fixed-014', 'fixed-013']",0.159,,,,,,,,,,
1_fixed,Q36,image,0.639410945807956,0.0,1500,"['fixed-010', 'fixed-026', 'fixed-020', 'fixed-025', 'fixed-024']",0.188,0.0,0.0,0.0,0.0,0.0,0.0,0.0,0.0,0.0,0.0
2_section,Q01,table,0.6655577120938394,1.0,514,"['section-5.2-0', 'section-17.1-0', 'section-8.7-0', 'section-16.2-0', 'section-16.1-0']",0.175,1.0,1.0,1.0,1.0,1.0,1.0,1.0,1.0,1.0,1.0
2_section,Q02,override,0.7174660519291953,1.0,488,"['section-16.2-0', 'section-5.2-0', 'section-8.3-0', 'section-17.1-0', 'faq-11']",0.155,1.0,0.5,1.0,1.0,1.0,1.0,1.0,1.0,1.0,1.0
2_section,Q03,image,0.710583164442583,0.0,219,"['faq-21', 'faq-20', 'section-10.3-0', 'section-5.6-0', 'section-5.5-0']",0.144,0.0,0.0,0.0,0.0,0.0,0.0,0.0,0.0,0.0,0.0
2_section,Q04,confusable,0.5694238827333213,0.0,329,"['faq-20', 'section-6.1-0', 'section-5.5-0', 'section-5.4-0', 'section-10.3-0']",0.139,0.0,0.0,1.0,1.0,1.0,1.0,1.0,1.0,0.5,0.6309297535714575
2_section,Q05,image+override,0.7826216183062988,1.0,509,"['section-3.2-0', 'section-17.2-0', 'section-4.1-0', 'section-3.4-0', 'section-3.1-0']",0.135,1.0,0.5,1.0,0.5,1.0,0.5,1.0,0.5,1.0,0.6131471927654584
2_section,Q06,confusable,0.7421036518578557,1.0,509,"['section-3.2-0', 'section-17.2-0', 'section-4.1-0', 'section-3.1-0', 'section-3.4-0']",0.137,1.0,0.5,1.0,0.5,1.0,0.5,1.0,0.5,1.0,0.6131471927654584
2_section,Q07,text,0.7362378013293274,1.0,505,"['section-3.4-0', 'faq-08', 'section-3.2-0', 'section-17.2-0', 'section-4.4-0']",0.132,1.0,1.0,1.0,1.0,1.0,1.0,1.0,1.0,1.0,1.0
2_section,Q08,confusable,0.7052976650888656,0.0,726,"['section-3.5-0', 'section-4.4-0', 'section-3.2-0', 'section-8.7-0', 'section-1.2-0']",0.123,1.0,1.0,1.0,1.0,1.0,1.0,1.0,1.0,1.0,1.0
2_section,Q09,confusable,0.7549559747707921,1.0,377,"['section-4.1-0', 'faq-00', 'section-17.2-0', 'section-4.2-0', 'section-3.4-0']",0.134,1.0,1.0,1.0,1.0,1.0,1.0,1.0,1.0,1.0,1.0
2_section,Q10,superseded-trap,0.6910451884900324,1.0,350,"['section-17.3-0', 'section-10.2-0', 'faq-01', 'section-10.4-0', 'section-6.1-0']",0.118,0.0,0.0,1.0,1.0,1.0,1.0,1.0,1.0,0.5,0.6309297535714575
2_section,Q11,text,0.6272230231153557,0.0,473,"['faq-03', 'section-10.3-0', 'section-5.6-0', 'section-4.2-0', 'section-4.4-0']",0.125,0.0,0.0,1.0,1.0,1.0,1.0,1.0,1.0,0.5,0.6309297535714575
2_section,Q12,superseded-trap,0.7102237187835558,1.0,431,"['section-5.3-0', 'section-17.1-0', 'section-5.2-0', 'section-5.7-0', 'section-5.1-0']",0.149,1.0,1.0,1.0,1.0,1.0,1.0,1.0,1.0,1.0,1.0
2_section,Q13,image,0.6712702428569157,0.0,473,"['section-8.2-0', 'faq-27', 'section-8.4-0', 'section-7.4-0', 'faq-12']",0.168,0.0,0.0,0.0,0.0,0.0,0.0,0.0,0.0,0.0,0.0
2_section,Q14,abstain,0.6749835200012106,0.0,354,"['section-8.3-0', 'faq-11', 'section-16.2-0', 'faq-09', 'faq-12']",0.162,,,,,,,,,,
2_section,Q15,image,0.5384900547248119,0.0,618,"['faq-13', 'section-8.1-0', 'section-8.2-0', 'section-8.7-0', 'section-5.1-0']",0.15,0.0,0.0,0.0,0.0,0.0,0.0,0.0,0.0,0.0,0.0
2_section,Q16,image,0.5066561474303459,0.0,528,"['section-7.3-0', 'faq-04', 'section-1.4-0', 'section-6.2-0', 'section-15-0']",0.146,0.0,0.0,0.0,0.0,0.0,0.0,0.0,0.0,0.0,0.0
2_section,Q17,templated,0.624366892411814,0.0,699,"['section-8.4-0', 'section-8.2-0', 'faq-05', 'section-5.2-0', 'section-8.3-0']",0.154,1.0,1.0,1.0,1.0,1.0,1.0,1.0,1.0,1.0,1.0
2_section,Q18,superseded-trap,0.6902151012898808,1.0,497,"['section-7.1-0', 'section-17.4-0', 'section-6.4-0', 'section-7.2-0', 'section-15-0']",0.154,1.0,1.0,1.0,1.0,1.0,1.0,1.0,1.0,1.0,1.0
2_section,Q19,image,0.7065536726059557,0.0,282,"['faq-26', 'section-12.1-0', 'section-0-0', 'section-6.4-0', 'faq-14']",0.141,0.0,0.0,0.0,0.0,0.0,0.0,0.0,0.0,0.0,0.0
2_section,Q20,image,0.700536776443821,0.0,387,"['section-13.2-0', 'faq-25', 'section-13.4-0', 'faq-24', 'section-13.1-0']",0.17,0.0,0.0,0.0,0.0,0.0,0.0,0.0,0.0,0.0,0.0
2_section,Q21,confusable,0.7090115384457047,0.0,317,"['faq-25', 'section-13.2-0', 'faq-28', 'section-13.4-0', 'faq-04']",0.146,0.0,0.0,1.0,1.0,1.0,1.0,1.0,1.0,0.5,0.6309297535714575
2_section,Q22,confusable,0.6188435353975229,0.0,452,"['section-13.1-0', 'section-13.3-0', 'section-13.4-0', 'faq-23', 'section-16.1-0']",0.157,0.0,0.0,1.0,1.0,1.0,1.0,1.0,1.0,0.5,0.6309297535714575
2_section,Q23,text,0.7498922853029901,0.0,396,"['section-11.1-0', 'faq-18', 'section-5.5-0', 'section-6.1-0', 'section-6.4-0']",0.164,1.0,1.0,1.0,1.0,1.0,1.0,1.0,1.0,1.0,1.0
2_section,Q24,confusable,0.7269205875210152,0.0,398,"['section-5.5-0', 'section-5.7-0', 'section-6.4-0', 'section-11.1-0', 'section-6.1-0']",0.153,1.0,1.0,1.0,1.0,1.0,1.0,1.0,1.0,1.0,1.0
2_section,Q25,abstain,0.6013407027940059,0.0,421,"['section-1.1-0', 'section-1.2-0', 'section-11.4-0', 'section-11.3-0', 'section-8.1-0']",0.153,,,,,,,,,,
2_section,Q26,abstain,0.5473576795025179,0.0,421,"['section-1.1-0', 'section-1.2-0', 'section-11.4-0', 'section-8.1-0', 'section-11.3-0']",0.141,,,,,,,,,,
2_section,Q27,table,0.6439707508897685,0.0,478,"['section-2.4-0', 'section-9.3-0', 'faq-22', 'section-3.1-0', 'section-4.1-0']",0.161,1.0,1.0,1.0,1.0,1.0,1.0,1.0,1.0,1.0,1.0
2_section,Q28,image,0.5064384566156562,0.0,274,"['section-6.3-0', 'section-10.2-0', 'section-2.6-0', 'faq-01', 'section-13.4-0']",0.159,0.0,0.0,0.0,0.0,0.0,0.0,0.0,0.0,0.0,0.0
2_section,Q29,text,0.6869312100638119,0.0,553,"['section-3.3-0', 'section-3.1-0', 'section-4.1-0', 'section-10.1-0', 'faq-15']",0.156,1.0,1.0,1.0,1.0,1.0,1.0,1.0,1.0,1.0,1.0
2_section,Q30,multi-hop,0.6406588202708756,0.0,687,"['section-8.5-0', 'faq-11', 'section-8.1-0', 'section-8.7-0', 'section-8.6-0']",0.149,1.0,0.3333333333333333,1.0,0.6666666666666666,1.0,0.6666666666666666,1.0,1.0,1.0,0.8519590445170673
2_section,Q31,confusable,0.44183031071089635,0.0,510,"['section-9.2-0', 'section-8.3-0', 'faq-28', 'section-16.1-0', 'faq-09']",0.137,1.0,1.0,1.0,1.0,1.0,1.0,1.0,1.0,1.0,1.0
2_section,Q32,superseded-trap,0.7005371050536735,1.0,260,"['section-5.6-0', 'faq-07', 'section-10.3-0', 'section-17.1-0', 'faq-06']",0.149,1.0,1.0,1.0,1.0,1.0,1.0,1.0,1.0,1.0,1.0
2_section,Q33,confusable,0.6417425226995858,0.0,559,"['section-13.1-0', 'section-12.2-0', 'section-13.3-0', 'section-13.4-0', 'section-13.2-0']",0.153,1.0,1.0,1.0,1.0,1.0,1.0,1.0,1.0,1.0,1.0
2_section,Q34,table,0.7381730730969733,0.0,545,"['section-4.3-0', 'section-4.4-0', 'section-4.1-0', 'faq-22', 'faq-02']",0.172,1.0,1.0,1.0,1.0,1.0,1.0,1.0,1.0,1.0,1.0
2_section,Q35,abstain,0.533978314193641,0.0,893,"['section-8.2-0', 'section-8.6-0', 'section-8.7-0', 'section-8.4-0', 'section-8.5-0']",0.143,,,,,,,,,,
2_section,Q36,image,0.6862910568705433,0.0,197,"['section-5.6-0', 'faq-07', 'faq-21', 'faq-16', 'section-10.2-0']",0.184,0.0,0.0,0.0,0.0,0.0,0.0,0.0,0.0,0.0,0.0
3_section_path,Q01,table,0.6681845304855466,1.0,514,"['section-5.2-0', 'section-17.1-0', 'section-8.7-0', 'section-16.2-0', 'section-16.1-0']",0.064,1.0,1.0,1.0,1.0,1.0,1.0,1.0,1.0,1.0,1.0
3_section_path,Q02,override,0.6717334244454731,1.0,488,"['section-16.2-0', 'section-5.2-0', 'section-8.3-0', 'section-17.1-0', 'faq-11']",0.06,1.0,0.5,1.0,1.0,1.0,1.0,1.0,1.0,1.0,1.0
3_section_path,Q03,image,0.7025658647663717,0.0,219,"['faq-21', 'faq-20', 'section-5.6-0', 'section-10.3-0', 'section-5.5-0']",0.075,0.0,0.0,0.0,0.0,0.0,0.0,0.0,0.0,0.0,0.0
3_section_path,Q04,confusable,0.5741186902376404,0.0,416,"['faq-20', 'section-6.1-0', 'section-10.3-0', 'section-10.4-0', 'section-11.1-0']",0.07,0.0,0.0,1.0,1.0,1.0,1.0,1.0,1.0,0.5,0.6309297535714575
3_section_path,Q05,image+override,0.7611112773718588,1.0,509,"['section-3.2-0', 'section-17.2-0', 'section-3.1-0', 'section-4.1-0', 'section-3.4-0']",0.071,1.0,0.5,1.0,0.5,1.0,0.5,1.0,0.5,1.0,0.6131471927654584
3_section_path,Q06,confusable,0.7079345706938529,1.0,509,"['section-3.2-0', 'section-17.2-0', 'section-3.1-0', 'section-4.1-0', 'section-3.4-0']",0.067,1.0,0.5,1.0,0.5,1.0,0.5,1.0,0.5,1.0,0.6131471927654584
3_section_path,Q07,text,0.7527476166100273,1.0,342,"['section-3.4-0', 'faq-08', 'section-3.2-0', 'section-3.6-0', 'section-17.2-0']",0.067,1.0,1.0,1.0,1.0,1.0,1.0,1.0,1.0,1.0,1.0
3_section_path,Q08,confusable,0.6937017792248041,0.0,776,"['section-3.5-0', 'section-4.4-0', 'section-8.7-0', 'section-3.2-0', 'section-4.1-0']",0.066,1.0,1.0,1.0,1.0,1.0,1.0,1.0,1.0,1.0,1.0
3_section_path,Q09,confusable,0.7501113547612426,1.0,441,"['section-4.1-0', 'faq-00', 'section-17.2-0', 'section-4.2-0', 'section-3.1-0']",0.073,1.0,1.0,1.0,1.0,1.0,1.0,1.0,1.0,1.0,1.0
3_section_path,Q10,superseded-trap,0.691249596497195,1.0,350,"['section-17.3-0', 'section-10.2-0', 'faq-01', 'section-10.4-0', 'section-6.1-0']",0.063,0.0,0.0,1.0,1.0,1.0,1.0,1.0,1.0,0.5,0.6309297535714575
3_section_path,Q11,text,0.6831464153351637,0.0,231,"['section-10.3-0', 'faq-03', 'section-5.6-0', 'section-4.2-0', 'faq-07']",0.07,1.0,1.0,1.0,1.0,1.0,1.0,1.0,1.0,1.0,1.0
3_section_path,Q12,superseded-trap,0.7057678540600458,1.0,440,"['section-5.3-0', 'section-17.1-0', 'section-5.2-0', 'section-5.1-0', 'section-5.4-0']",0.07,1.0,1.0,1.0,1.0,1.0,1.0,1.0,1.0,1.0,1.0
3_section_path,Q13,image,0.6816110513222468,0.0,473,"['section-8.2-0', 'section-8.4-0', 'faq-27', 'faq-12', 'section-7.4-0']",0.075,0.0,0.0,0.0,0.0,0.0,0.0,0.0,0.0,0.0,0.0
3_section_path,Q14,abstain,0.6805436261588268,0.0,379,"['section-8.3-0', 'faq-11', 'section-16.2-0', 'faq-12', 'section-7.4-0']",0.074,,,,,,,,,,
3_section_path,Q15,image,0.5356864656781026,0.0,697,"['faq-13', 'section-8.1-0', 'section-8.2-0', 'section-8.7-0', 'section-8.4-0']",0.077,0.0,0.0,0.0,0.0,0.0,0.0,0.0,0.0,0.0,0.0
3_section_path,Q16,image,0.5037412237707104,0.0,528,"['section-7.3-0', 'faq-04', 'section-1.4-0', 'section-6.2-0', 'section-15-0']",0.068,0.0,0.0,0.0,0.0,0.0,0.0,0.0,0.0,0.0,0.0
3_section_path,Q17,templated,0.5947662240804775,0.0,699,"['section-8.4-0', 'faq-05', 'section-8.2-0', 'section-5.2-0', 'section-8.3-0']",0.078,1.0,1.0,1.0,1.0,1.0,1.0,1.0,1.0,1.0,1.0
3_section_path,Q18,superseded-trap,0.6715177021341555,1.0,361,"['section-7.1-0', 'section-17.4-0', 'section-16.1-0', 'section-6.4-0', 'section-13.1-0']",0.089,1.0,1.0,1.0,1.0,1.0,1.0,1.0,1.0,1.0,1.0
3_section_path,Q19,image,0.7329361755308116,1.0,280,"['faq-26', 'section-12.1-0', 'section-0-0', 'section-6.4-0', 'section-17.2-0']",0.077,0.0,0.0,0.0,0.0,0.0,0.0,0.0,0.0,0.0,0.0
3_section_path,Q20,image,0.6821166615300664,0.0,387,"['section-13.2-0', 'faq-25', 'section-13.4-0', 'section-13.1-0', 'faq-24']",0.07,0.0,0.0,0.0,0.0,0.0,0.0,0.0,0.0,0.0,0.0
3_section_path,Q21,confusable,0.7068873428720082,0.0,317,"['faq-25', 'section-13.2-0', 'faq-28', 'section-13.4-0', 'faq-04']",0.068,0.0,0.0,1.0,1.0,1.0,1.0,1.0,1.0,0.5,0.6309297535714575
3_section_path,Q22,confusable,0.6089117366789211,0.0,452,"['section-13.1-0', 'section-13.3-0', 'section-13.4-0', 'faq-23', 'section-16.1-0']",0.07,0.0,0.0,1.0,1.0,1.0,1.0,1.0,1.0,0.5,0.6309297535714575
3_section_path,Q23,text,0.7509230083481244,0.0,396,"['section-11.1-0', 'faq-18', 'section-5.5-0', 'section-6.4-0', 'section-6.1-0']",0.074,1.0,1.0,1.0,1.0,1.0,1.0,1.0,1.0,1.0,1.0
3_section_path,Q24,confusable,0.7054544532561646,1.0,345,"['section-5.5-0', 'section-11.1-0', 'section-6.4-0', 'section-5.7-0', 'section-17.1-0']",0.117,1.0,1.0,1.0,1.0,1.0,1.0,1.0,1.0,1.0,1.0
3_section_path,Q25,abstain,0.5990339811533749,0.0,384,"['section-1.1-0', 'section-1.2-0', 'section-1.4-0', 'section-11.4-0', 'section-11.3-0']",0.072,,,,,,,,,,
3_section_path,Q26,abstain,0.552949005343118,0.0,434,"['section-1.2-0', 'section-1.1-0', 'section-11.4-0', 'section-1.4-0', 'section-1.3-0']",0.064,,,,,,,,,,
3_section_path,Q27,table,0.644984793200971,1.0,486,"['section-2.4-0', 'section-9.3-0', 'section-3.1-0', 'section-17.2-0', 'section-4.1-0']",0.069,1.0,1.0,1.0,1.0,1.0,1.0,1.0,1.0,1.0,1.0
3_section_path,Q28,image,0.50770258933754,1.0,190,"['section-10.2-0', 'section-6.3-0', 'section-17.3-0', 'faq-01', 'section-2.6-0']",0.068,0.0,0.0,0.0,0.0,0.0,0.0,0.0,0.0,0.0,0.0
3_section_path,Q29,text,0.6636268735828863,1.0,476,"['section-3.3-0', 'section-3.1-0', 'section-17.2-0', 'faq-15', 'section-4.1-0']",0.072,1.0,1.0,1.0,1.0,1.0,1.0,1.0,1.0,1.0,1.0
3_section_path,Q30,multi-hop,0.6523986616744921,0.0,687,"['section-8.5-0', 'faq-11', 'section-8.1-0', 'section-8.7-0', 'section-8.6-0']",0.065,1.0,0.3333333333333333,1.0,0.6666666666666666,1.0,0.6666666666666666,1.0,1.0,1.0,0.86034433104172
3_section_path,Q31,confusable,0.4232422855858632,0.0,688,"['section-9.2-0', 'section-8.3-0', 'faq-28', 'faq-09', 'section-15-0']",0.063,1.0,1.0,1.0,1.0,1.0,1.0,1.0,1.0,1.0,1.0
3_section_path,Q32,superseded-trap,0.7228474643770237,1.0,330,"['section-5.6-0', 'faq-07', 'section-17.1-0', 'section-10.3-0', 'section-1.3-0']",0.064,1.0,1.0,1.0,1.0,1.0,1.0,1.0,1.0,1.0,1.0
3_section_path,Q33,confusable,0.6237562467107556,0.0,559,"['section-13.3-0', 'section-13.1-0', 'section-12.2-0', 'section-13.4-0', 'section-13.2-0']",0.071,0.0,0.0,1.0,1.0,1.0,1.0,1.0,1.0,0.5,0.6309297535714575
3_section_path,Q34,table,0.723590062379838,0.0,585,"['section-4.3-0', 'section-4.4-0', 'section-4.1-0', 'faq-22', 'section-4.2-0']",0.068,1.0,1.0,1.0,1.0,1.0,1.0,1.0,1.0,1.0,1.0
3_section_path,Q35,abstain,0.5373535893957881,0.0,900,"['section-8.7-0', 'section-8.2-0', 'section-8.5-0', 'section-8.4-0', 'section-8.3-0']",0.064,,,,,,,,,,
3_section_path,Q36,image,0.6685821429392236,0.0,236,"['section-5.6-0', 'faq-07', 'faq-21', 'section-1.3-0', 'faq-16']",0.083,0.0,0.0,0.0,0.0,0.0,0.0,0.0,0.0,0.0,0.0
3b_section_path_filter,Q01,table,0.6681845304855466,0.0,525,"['section-5.2-0', 'section-8.7-0', 'section-16.2-0', 'section-16.1-0', 'section-5.3-0']",0.08,1.0,1.0,1.0,1.0,1.0,1.0,1.0,1.0,1.0,1.0
3b_section_path_filter,Q02,override,0.6717334244454731,0.0,433,"['section-16.2-0', 'section-5.2-0', 'section-8.3-0', 'faq-11', 'faq-09']",0.07,1.0,0.5,1.0,1.0,1.0,1.0,1.0,1.0,1.0,1.0
3b_section_path_filter,Q03,image,0.7025658647663717,0.0,219,"['faq-21', 'faq-20', 'section-5.6-0', 'section-10.3-0', 'section-5.5-0']",0.081,0.0,0.0,0.0,0.0,0.0,0.0,0.0,0.0,0.0,0.0
3b_section_path_filter,Q04,confusable,0.5741186902376404,0.0,416,"['faq-20', 'section-6.1-0', 'section-10.3-0', 'section-10.4-0', 'section-11.1-0']",0.08,0.0,0.0,1.0,1.0,1.0,1.0,1.0,1.0,0.5,0.6309297535714575
3b_section_path_filter,Q05,image+override,0.7611112773718588,0.0,589,"['section-3.2-0', 'section-3.1-0', 'section-4.1-0', 'section-3.4-0', 'section-3.6-0']",0.082,1.0,0.5,1.0,0.5,1.0,0.5,1.0,0.5,1.0,0.6131471927654584
3b_section_path_filter,Q06,confusable,0.7079345706938529,0.0,589,"['section-3.2-0', 'section-3.1-0', 'section-4.1-0', 'section-3.4-0', 'section-3.6-0']",0.083,1.0,0.5,1.0,0.5,1.0,0.5,1.0,0.5,1.0,0.6131471927654584
3b_section_path_filter,Q07,text,0.7527476166100273,0.0,585,"['section-3.4-0', 'faq-08', 'section-3.2-0', 'section-3.6-0', 'section-4.4-0']",0.077,1.0,1.0,1.0,1.0,1.0,1.0,1.0,1.0,1.0,1.0
3b_section_path_filter,Q08,confusable,0.6937017792248041,0.0,776,"['section-3.5-0', 'section-4.4-0', 'section-8.7-0', 'section-3.2-0', 'section-4.1-0']",0.071,1.0,1.0,1.0,1.0,1.0,1.0,1.0,1.0,1.0,1.0
3b_section_path_filter,Q09,confusable,0.7501113547612426,0.0,489,"['section-4.1-0', 'faq-00', 'section-4.2-0', 'section-3.1-0', 'section-3.4-0']",0.081,1.0,1.0,1.0,1.0,1.0,1.0,1.0,1.0,1.0,1.0
3b_section_path_filter,Q10,superseded-trap,0.6806777300499576,0.0,373,"['section-10.2-0', 'faq-01', 'section-10.4-0', 'section-6.1-0', 'section-10.3-0']",0.072,1.0,1.0,1.0,1.0,1.0,1.0,1.0,1.0,1.0,1.0
3b_section_path_filter,Q11,text,0.6831464153351637,0.0,231,"['section-10.3-0', 'faq-03', 'section-5.6-0', 'section-4.2-0', 'faq-07']",0.08,1.0,1.0,1.0,1.0,1.0,1.0,1.0,1.0,1.0,1.0
3b_section_path_filter,Q12,superseded-trap,0.7057678540600458,0.0,401,"['section-5.3-0', 'section-5.2-0', 'section-5.1-0', 'section-5.4-0', 'section-5.7-0']",0.08,1.0,1.0,1.0,1.0,1.0,1.0,1.0,1.0,1.0,1.0
3b_section_path_filter,Q13,image,0.6816110513222468,0.0,473,"['section-8.2-0', 'section-8.4-0', 'faq-27', 'faq-12', 'section-7.4-0']",0.084,0.0,0.0,0.0,0.0,0.0,0.0,0.0,0.0,0.0,0.0
3b_section_path_filter,Q14,abstain,0.6805436261588268,0.0,379,"['section-8.3-0', 'faq-11', 'section-16.2-0', 'faq-12', 'section-7.4-0']",0.082,,,,,,,,,,
3b_section_path_filter,Q15,image,0.5356864656781026,0.0,697,"['faq-13', 'section-8.1-0', 'section-8.2-0', 'section-8.7-0', 'section-8.4-0']",0.08,0.0,0.0,0.0,0.0,0.0,0.0,0.0,0.0,0.0,0.0
3b_section_path_filter,Q16,image,0.5037412237707104,0.0,528,"['section-7.3-0', 'faq-04', 'section-1.4-0', 'section-6.2-0', 'section-15-0']",0.075,0.0,0.0,0.0,0.0,0.0,0.0,0.0,0.0,0.0,0.0
3b_section_path_filter,Q17,templated,0.5947662240804775,0.0,699,"['section-8.4-0', 'faq-05', 'section-8.2-0', 'section-5.2-0', 'section-8.3-0']",0.078,1.0,1.0,1.0,1.0,1.0,1.0,1.0,1.0,1.0,1.0
3b_section_path_filter,Q18,superseded-trap,0.6715177021341555,0.0,430,"['section-7.1-0', 'section-16.1-0', 'section-6.4-0', 'section-13.1-0', 'section-7.3-0']",0.078,1.0,1.0,1.0,1.0,1.0,1.0,1.0,1.0,1.0,1.0
3b_section_path_filter,Q19,image,0.7329361755308116,0.0,387,"['faq-26', 'section-12.1-0', 'section-0-0', 'section-6.4-0', 'section-6.1-0']",0.076,0.0,0.0,0.0,0.0,0.0,0.0,0.0,0.0,0.0,0.0
3b_section_path_filter,Q20,image,0.6821166615300664,0.0,387,"['section-13.2-0', 'faq-25', 'section-13.4-0', 'section-13.1-0', 'faq-24']",0.083,0.0,0.0,0.0,0.0,0.0,0.0,0.0,0.0,0.0,0.0
3b_section_path_filter,Q21,confusable,0.7068873428720082,0.0,317,"['faq-25', 'section-13.2-0', 'faq-28', 'section-13.4-0', 'faq-04']",0.073,0.0,0.0,1.0,1.0,1.0,1.0,1.0,1.0,0.5,0.6309297535714575
3b_section_path_filter,Q22,confusable,0.6089117366789211,0.0,452,"['section-13.1-0', 'section-13.3-0', 'section-13.4-0', 'faq-23', 'section-16.1-0']",0.08,0.0,0.0,1.0,1.0,1.0,1.0,1.0,1.0,0.5,0.6309297535714575
3b_section_path_filter,Q23,text,0.7509230083481244,0.0,396,"['section-11.1-0', 'faq-18', 'section-5.5-0', 'section-6.4-0', 'section-6.1-0']",0.079,1.0,1.0,1.0,1.0,1.0,1.0,1.0,1.0,1.0,1.0
3b_section_path_filter,Q24,confusable,0.7054544532561646,0.0,398,"['section-5.5-0', 'section-11.1-0', 'section-6.4-0', 'section-5.7-0', 'section-6.1-0']",0.077,1.0,1.0,1.0,1.0,1.0,1.0,1.0,1.0,1.0,1.0
3b_section_path_filter,Q25,abstain,0.5990339811533749,0.0,384,"['section-1.1-0', 'section-1.2-0', 'section-1.4-0', 'section-11.4-0', 'section-11.3-0']",0.074,,,,,,,,,,
3b_section_path_filter,Q26,abstain,0.552949005343118,0.0,434,"['section-1.2-0', 'section-1.1-0', 'section-11.4-0', 'section-1.4-0', 'section-1.3-0']",0.072,,,,,,,,,,
3b_section_path_filter,Q27,table,0.644984793200971,0.0,478,"['section-2.4-0', 'section-9.3-0', 'section-3.1-0', 'section-4.1-0', 'faq-22']",0.077,1.0,1.0,1.0,1.0,1.0,1.0,1.0,1.0,1.0,1.0
3b_section_path_filter,Q28,image,0.50770258933754,0.0,274,"['section-10.2-0', 'section-6.3-0', 'faq-01', 'section-2.6-0', 'section-13.4-0']",0.078,0.0,0.0,0.0,0.0,0.0,0.0,0.0,0.0,0.0,0.0
3b_section_path_filter,Q29,text,0.6636268735828863,0.0,553,"['section-3.3-0', 'section-3.1-0', 'faq-15', 'section-4.1-0', 'section-10.1-0']",0.081,1.0,1.0,1.0,1.0,1.0,1.0,1.0,1.0,1.0,1.0
3b_section_path_filter,Q30,multi-hop,0.6523986616744921,0.0,687,"['section-8.5-0', 'faq-11', 'section-8.1-0', 'section-8.7-0', 'section-8.6-0']",0.075,1.0,0.3333333333333333,1.0,0.6666666666666666,1.0,0.6666666666666666,1.0,1.0,1.0,0.86034433104172
3b_section_path_filter,Q31,confusable,0.4232422855858632,0.0,688,"['section-9.2-0', 'section-8.3-0', 'faq-28', 'faq-09', 'section-15-0']",0.07,1.0,1.0,1.0,1.0,1.0,1.0,1.0,1.0,1.0,1.0
3b_section_path_filter,Q32,superseded-trap,0.7228474643770237,0.0,274,"['section-5.6-0', 'faq-07', 'section-10.3-0', 'section-1.3-0', 'faq-06']",0.076,1.0,1.0,1.0,1.0,1.0,1.0,1.0,1.0,1.0,1.0
3b_section_path_filter,Q33,confusable,0.6237562467107556,0.0,559,"['section-13.3-0', 'section-13.1-0', 'section-12.2-0', 'section-13.4-0', 'section-13.2-0']",0.077,0.0,0.0,1.0,1.0,1.0,1.0,1.0,1.0,0.5,0.6309297535714575
3b_section_path_filter,Q34,table,0.723590062379838,0.0,585,"['section-4.3-0', 'section-4.4-0', 'section-4.1-0', 'faq-22', 'section-4.2-0']",0.083,1.0,1.0,1.0,1.0,1.0,1.0,1.0,1.0,1.0,1.0
3b_section_path_filter,Q35,abstain,0.5373535893957881,0.0,900,"['section-8.7-0', 'section-8.2-0', 'section-8.5-0', 'section-8.4-0', 'section-8.3-0']",0.076,,,,,,,,,,
3b_section_path_filter,Q36,image,0.6685821429392236,0.0,236,"['section-5.6-0', 'faq-07', 'faq-21', 'section-1.3-0', 'faq-16']",0.096,0.0,0.0,0.0,0.0,0.0,0.0,0.0,0.0,0.0,0.0
4_figures,Q01,table,0.6681845252021292,0.0,525,"['section-5.2-0', 'section-8.7-0', 'section-16.2-0', 'section-16.1-0', 'section-5.3-0']",0.076,1.0,1.0,1.0,1.0,1.0,1.0,1.0,1.0,1.0,1.0
4_figures,Q02,override,0.6717333772417657,0.0,433,"['section-16.2-0', 'section-5.2-0', 'section-8.3-0', 'faq-11', 'faq-09']",0.071,1.0,0.5,1.0,1.0,1.0,1.0,1.0,1.0,1.0,1.0
4_figures,Q03,image,0.7025659259278474,0.0,418,"['faq-21', 'figure-3', 'faq-20', 'section-5.6-0', 'section-10.3-0']",0.081,0.0,0.0,1.0,1.0,1.0,1.0,1.0,1.0,0.5,0.6309297535714575
4_figures,Q04,confusable,0.5741186902376404,0.0,416,"['faq-20', 'section-6.1-0', 'section-10.3-0', 'section-10.4-0', 'section-11.1-0']",0.079,0.0,0.0,1.0,1.0,1.0,1.0,1.0,1.0,0.5,0.6309297535714575
4_figures,Q05,image+override,0.7611113422425869,0.0,677,"['section-3.2-0', 'section-3.1-0', 'section-4.1-0', 'section-3.4-0', 'figure-7']",0.082,1.0,0.5,1.0,0.5,1.0,1.0,1.0,1.0,1.0,0.8503449055347546
4_figures,Q06,confusable,0.7079345341661107,0.0,677,"['section-3.2-0', 'section-3.1-0', 'section-4.1-0', 'section-3.4-0', 'figure-7']",0.08,1.0,0.5,1.0,0.5,1.0,1.0,1.0,1.0,1.0,0.8503449055347546
4_figures,Q07,text,0.7527476166100273,0.0,585,"['section-3.4-0', 'faq-08', 'section-3.2-0', 'section-3.6-0', 'section-4.4-0']",0.08,1.0,1.0,1.0,1.0,1.0,1.0,1.0,1.0,1.0,1.0
4_figures,Q08,confusable,0.6937018472259504,0.0,776,"['section-3.5-0', 'section-4.4-0', 'section-8.7-0', 'section-3.2-0', 'section-4.1-0']",0.071,1.0,1.0,1.0,1.0,1.0,1.0,1.0,1.0,1.0,1.0
4_figures,Q09,confusable,0.7501113571816127,0.0,489,"['section-4.1-0', 'faq-00', 'section-4.2-0', 'section-3.1-0', 'section-3.4-0']",0.083,1.0,1.0,1.0,1.0,1.0,1.0,1.0,1.0,1.0,1.0
4_figures,Q10,superseded-trap,0.6806777300499576,0.0,373,"['section-10.2-0', 'faq-01', 'section-10.4-0', 'section-6.1-0', 'section-10.3-0']",0.072,1.0,1.0,1.0,1.0,1.0,1.0,1.0,1.0,1.0,1.0
4_figures,Q11,text,0.6831464396850535,0.0,454,"['section-10.3-0', 'faq-03', 'section-5.6-0', 'figure-3', 'section-4.2-0']",0.08,1.0,1.0,1.0,1.0,1.0,1.0,1.0,1.0,1.0,1.0
4_figures,Q12,superseded-trap,0.7057678540600458,0.0,401,"['section-5.3-0', 'section-5.2-0', 'section-5.1-0', 'section-5.4-0', 'section-5.7-0']",0.083,1.0,1.0,1.0,1.0,1.0,1.0,1.0,1.0,1.0,1.0
4_figures,Q13,image,0.6816110717208042,0.0,694,"['section-8.2-0', 'figure-5', 'section-8.4-0', 'figure-6', 'faq-27']",0.093,0.0,0.0,1.0,1.0,1.0,1.0,1.0,1.0,0.5,0.6309297535714575
4_figures,Q14,abstain,0.6805437182425855,0.0,426,"['section-8.3-0', 'faq-11', 'section-16.2-0', 'figure-5', 'faq-12']",0.088,,,,,,,,,,
4_figures,Q15,image,0.5356864656781026,0.0,727,"['faq-13', 'section-8.1-0', 'figure-6', 'section-8.2-0', 'section-8.7-0']",0.085,0.0,0.0,1.0,1.0,1.0,1.0,1.0,1.0,0.3333333333333333,0.5
4_figures,Q16,image,0.5037412273976296,0.0,465,"['section-7.3-0', 'faq-04', 'figure-4', 'section-1.4-0', 'section-6.2-0']",0.093,0.0,0.0,1.0,1.0,1.0,1.0,1.0,1.0,0.3333333333333333,0.5
4_figures,Q17,templated,0.5947661664231156,0.0,699,"['section-8.4-0', 'faq-05', 'section-8.2-0', 'section-5.2-0', 'section-8.3-0']",0.085,1.0,1.0,1.0,1.0,1.0,1.0,1.0,1.0,1.0,1.0
4_figures,Q18,superseded-trap,0.6715177021341555,0.0,430,"['section-7.1-0', 'section-16.1-0', 'section-6.4-0', 'section-13.1-0', 'section-7.3-0']",0.076,1.0,1.0,1.0,1.0,1.0,1.0,1.0,1.0,1.0,1.0
4_figures,Q19,image,0.7329361923686541,0.0,342,"['faq-26', 'figure-8', 'section-12.1-0', 'section-0-0', 'section-6.4-0']",0.08,0.0,0.0,1.0,1.0,1.0,1.0,1.0,1.0,0.5,0.6309297535714575
4_figures,Q20,image,0.6874849837858958,0.0,544,"['figure-9', 'section-13.2-0', 'faq-25', 'section-13.4-0', 'section-13.1-0']",0.083,1.0,1.0,1.0,1.0,1.0,1.0,1.0,1.0,1.0,1.0
4_figures,Q21,confusable,0.7068873428720082,0.0,534,"['faq-25', 'section-13.2-0', 'figure-9', 'faq-28', 'figure-4']",0.084,0.0,0.0,1.0,1.0,1.0,1.0,1.0,1.0,0.5,0.6309297535714575
4_figures,Q22,confusable,0.6089118889742533,0.0,545,"['section-13.1-0', 'section-13.3-0', 'section-13.4-0', 'faq-23', 'figure-9']",0.084,0.0,0.0,1.0,1.0,1.0,1.0,1.0,1.0,0.5,0.6309297535714575
4_figures,Q23,text,0.7509230083481244,0.0,396,"['section-11.1-0', 'faq-18', 'section-5.5-0', 'section-6.4-0', 'section-6.1-0']",0.083,1.0,1.0,1.0,1.0,1.0,1.0,1.0,1.0,1.0,1.0
4_figures,Q24,confusable,0.7054544532561646,0.0,398,"['section-5.5-0', 'section-11.1-0', 'section-6.4-0', 'section-5.7-0', 'section-6.1-0']",0.078,1.0,1.0,1.0,1.0,1.0,1.0,1.0,1.0,1.0,1.0
4_figures,Q25,abstain,0.5990340026784725,0.0,711,"['section-1.1-0', 'section-1.2-0', 'section-1.4-0', 'figure-1', 'section-11.4-0']",0.079,,,,,,,,,,
4_figures,Q26,abstain,0.5529489392145777,0.0,711,"['section-1.2-0', 'section-1.1-0', 'section-11.4-0', 'section-1.4-0', 'figure-1']",0.075,,,,,,,,,,
4_figures,Q27,table,0.6449848236773427,0.0,478,"['section-2.4-0', 'section-9.3-0', 'section-3.1-0', 'section-4.1-0', 'faq-22']",0.079,1.0,1.0,1.0,1.0,1.0,1.0,1.0,1.0,1.0,1.0
4_figures,Q28,image,0.50770258933754,0.0,254,"['section-10.2-0', 'figure-2', 'section-6.3-0', 'faq-01', 'section-2.6-0']",0.078,0.0,0.0,1.0,1.0,1.0,1.0,1.0,1.0,0.5,0.6309297535714575
4_figures,Q29,text,0.6636269562294086,0.0,553,"['section-3.3-0', 'section-3.1-0', 'faq-15', 'section-4.1-0', 'section-10.1-0']",0.085,1.0,1.0,1.0,1.0,1.0,1.0,1.0,1.0,1.0,1.0
4_figures,Q30,multi-hop,0.6523987395440694,0.0,687,"['section-8.5-0', 'faq-11', 'section-8.1-0', 'section-8.7-0', 'section-8.6-0']",0.075,1.0,0.3333333333333333,1.0,0.6666666666666666,1.0,0.6666666666666666,1.0,1.0,1.0,0.86034433104172
4_figures,Q31,confusable,0.42324237855019387,0.0,688,"['section-9.2-0', 'section-8.3-0', 'faq-28', 'faq-09', 'section-15-0']",0.073,1.0,1.0,1.0,1.0,1.0,1.0,1.0,1.0,1.0,1.0
4_figures,Q32,superseded-trap,0.7228474643770237,0.0,500,"['section-5.6-0', 'faq-07', 'figure-3', 'section-10.3-0', 'section-1.3-0']",0.079,1.0,1.0,1.0,1.0,1.0,1.0,1.0,1.0,1.0,1.0
4_figures,Q33,confusable,0.6237562204268339,0.0,614,"['section-13.3-0', 'section-13.1-0', 'section-12.2-0', 'section-13.4-0', 'figure-9']",0.085,0.0,0.0,1.0,1.0,1.0,1.0,1.0,1.0,0.5,0.6309297535714575
4_figures,Q34,table,0.7235900731862466,0.0,585,"['section-4.3-0', 'section-4.4-0', 'section-4.1-0', 'faq-22', 'section-4.2-0']",0.083,1.0,1.0,1.0,1.0,1.0,1.0,1.0,1.0,1.0,1.0
4_figures,Q35,abstain,0.5373535157807177,0.0,900,"['section-8.7-0', 'section-8.2-0', 'section-8.5-0', 'section-8.4-0', 'section-8.3-0']",0.079,,,,,,,,,,
4_figures,Q36,image,0.698288760789722,0.0,469,"['figure-3', 'section-5.6-0', 'faq-07', 'faq-21', 'section-1.3-0']",0.096,1.0,1.0,1.0,1.0,1.0,1.0,1.0,1.0,1.0,1.0
5_expansion,Q01,table,0.6681845252021292,0.0,628,"['section-5.2-0', 'section-16.2-0', 'section-8.7-0', 'figure-7', 'section-16.1-0']",0.385,1.0,1.0,1.0,1.0,1.0,1.0,1.0,1.0,1.0,1.0
5_expansion,Q02,override,0.6717333772417657,0.0,602,"['section-16.2-0', 'figure-7', 'section-5.2-0', 'section-8.3-0', 'faq-11']",0.163,1.0,0.5,1.0,1.0,1.0,1.0,1.0,1.0,1.0,0.9197207891481876
5_expansion,Q03,image,0.7025659259278474,0.0,418,"['faq-21', 'figure-3', 'faq-20', 'section-5.6-0', 'section-10.3-0']",0.159,0.0,0.0,1.0,1.0,1.0,1.0,1.0,1.0,0.5,0.6309297535714575
5_expansion,Q04,confusable,0.5741186902376404,0.0,416,"['faq-20', 'section-6.1-0', 'section-10.3-0', 'section-10.4-0', 'section-11.1-0']",0.156,0.0,0.0,1.0,1.0,1.0,1.0,1.0,1.0,0.5,0.6309297535714575
5_expansion,Q05,image+override,0.7611113422425869,0.0,679,"['section-3.2-0', 'section-16.2-0', 'figure-7', 'section-3.1-0', 'section-4.1-0']",0.163,1.0,0.5,1.0,1.0,1.0,1.0,1.0,1.0,1.0,0.9197207891481876
5_expansion,Q06,confusable,0.7079345341661107,0.0,679,"['section-3.2-0', 'section-16.2-0', 'figure-7', 'section-3.1-0', 'section-4.1-0']",0.158,1.0,0.5,1.0,1.0,1.0,1.0,1.0,1.0,1.0,0.9197207891481876
5_expansion,Q07,text,0.7527476166100273,0.0,480,"['section-3.4-0', 'faq-08', 'section-3.2-0', 'section-16.2-0', 'figure-7']",0.178,1.0,1.0,1.0,1.0,1.0,1.0,1.0,1.0,1.0,1.0
5_expansion,Q08,confusable,0.6937018472259504,0.0,691,"['section-3.5-0', 'section-4.4-0', 'section-8.7-0', 'section-3.2-0', 'section-16.2-0']",0.156,1.0,1.0,1.0,1.0,1.0,1.0,1.0,1.0,1.0,1.0
5_expansion,Q09,confusable,0.7501113571816127,0.0,489,"['section-4.1-0', 'faq-00', 'section-4.2-0', 'section-3.1-0', 'section-3.4-0']",0.163,1.0,1.0,1.0,1.0,1.0,1.0,1.0,1.0,1.0,1.0
5_expansion,Q10,superseded-trap,0.6806777300499576,0.0,373,"['section-10.2-0', 'faq-01', 'section-10.4-0', 'section-6.1-0', 'section-10.3-0']",0.142,1.0,1.0,1.0,1.0,1.0,1.0,1.0,1.0,1.0,1.0
5_expansion,Q11,text,0.6831464396850535,0.0,454,"['section-10.3-0', 'faq-03', 'section-5.6-0', 'figure-3', 'section-4.2-0']",0.147,1.0,1.0,1.0,1.0,1.0,1.0,1.0,1.0,1.0,1.0
5_expansion,Q12,superseded-trap,0.7057678540600458,0.0,436,"['section-5.3-0', 'section-5.2-0', 'section-16.2-0', 'section-5.1-0', 'section-5.4-0']",0.167,1.0,1.0,1.0,1.0,1.0,1.0,1.0,1.0,1.0,1.0
5_expansion,Q13,image,0.6816110717208042,0.0,694,"['section-8.2-0', 'figure-5', 'section-8.4-0', 'figure-6', 'faq-27']",0.182,0.0,0.0,1.0,1.0,1.0,1.0,1.0,1.0,0.5,0.6309297535714575
5_expansion,Q14,abstain,0.6805437182425855,0.0,595,"['section-8.3-0', 'faq-11', 'section-16.2-0', 'figure-7', 'figure-5']",0.168,,,,,,,,,,
5_expansion,Q15,image,0.5356864656781026,0.0,727,"['faq-13', 'section-8.1-0', 'figure-6', 'section-8.2-0', 'section-8.7-0']",0.158,0.0,0.0,1.0,1.0,1.0,1.0,1.0,1.0,0.3333333333333333,0.5
5_expansion,Q16,image,0.5037412273976296,0.0,465,"['section-7.3-0', 'faq-04', 'figure-4', 'section-1.4-0', 'section-6.2-0']",0.148,0.0,0.0,1.0,1.0,1.0,1.0,1.0,1.0,0.3333333333333333,0.5
5_expansion,Q17,templated,0.5947661664231156,0.0,586,"['section-8.4-0', 'faq-05', 'section-8.2-0', 'section-5.2-0', 'section-16.2-0']",0.155,1.0,1.0,1.0,1.0,1.0,1.0,1.0,1.0,1.0,1.0
5_expansion,Q18,superseded-trap,0.6715177021341555,0.0,430,"['section-7.1-0', 'section-16.1-0', 'section-6.4-0', 'section-13.1-0', 'section-7.3-0']",0.163,1.0,1.0,1.0,1.0,1.0,1.0,1.0,1.0,1.0,1.0
5_expansion,Q19,image,0.7329361923686541,0.0,342,"['faq-26', 'figure-8', 'section-12.1-0', 'section-0-0', 'section-6.4-0']",0.16,0.0,0.0,1.0,1.0,1.0,1.0,1.0,1.0,0.5,0.6309297535714575
5_expansion,Q20,image,0.6874849837858958,0.0,544,"['figure-9', 'section-13.2-0', 'faq-25', 'section-13.4-0', 'section-13.1-0']",0.164,1.0,1.0,1.0,1.0,1.0,1.0,1.0,1.0,1.0,1.0
5_expansion,Q21,confusable,0.7068873428720082,0.0,534,"['faq-25', 'figure-9', 'section-13.2-0', 'faq-28', 'figure-4']",0.15,0.0,0.0,1.0,1.0,1.0,1.0,1.0,1.0,0.5,0.6309297535714575
5_expansion,Q22,confusable,0.6089118889742533,0.0,545,"['section-13.1-0', 'section-13.3-0', 'section-13.4-0', 'faq-23', 'figure-9']",0.165,0.0,0.0,1.0,1.0,1.0,1.0,1.0,1.0,0.5,0.6309297535714575
5_expansion,Q23,text,0.7509230083481244,0.0,396,"['section-11.1-0', 'faq-18', 'section-5.5-0', 'section-6.4-0', 'section-6.1-0']",0.162,1.0,1.0,1.0,1.0,1.0,1.0,1.0,1.0,1.0,1.0
5_expansion,Q24,confusable,0.7054544532561646,0.0,398,"['section-5.5-0', 'section-11.1-0', 'section-6.4-0', 'section-5.7-0', 'section-6.1-0']",0.161,1.0,1.0,1.0,1.0,1.0,1.0,1.0,1.0,1.0,1.0
5_expansion,Q25,abstain,0.5990340026784725,0.0,711,"['section-1.1-0', 'section-1.2-0', 'figure-1', 'section-1.4-0', 'section-11.4-0']",0.145,,,,,,,,,,
5_expansion,Q26,abstain,0.5529489392145777,0.0,711,"['section-1.2-0', 'figure-1', 'section-1.1-0', 'section-11.4-0', 'section-1.4-0']",0.185,,,,,,,,,,
5_expansion,Q27,table,0.6449848236773427,0.0,478,"['section-2.4-0', 'section-9.3-0', 'section-3.1-0', 'section-4.1-0', 'faq-22']",0.158,1.0,1.0,1.0,1.0,1.0,1.0,1.0,1.0,1.0,1.0
5_expansion,Q28,image,0.50770258933754,0.0,254,"['section-10.2-0', 'figure-2', 'section-6.3-0', 'faq-01', 'section-2.6-0']",0.159,0.0,0.0,1.0,1.0,1.0,1.0,1.0,1.0,0.5,0.6309297535714575
5_expansion,Q29,text,0.6636269562294086,0.0,553,"['section-3.3-0', 'section-3.1-0', 'faq-15', 'section-4.1-0', 'section-10.1-0']",0.181,1.0,1.0,1.0,1.0,1.0,1.0,1.0,1.0,1.0,1.0
5_expansion,Q30,multi-hop,0.6523987395440694,0.0,704,"['section-8.5-0', 'faq-11', 'section-8.1-0', 'figure-6', 'section-8.7-0']",0.15,1.0,0.3333333333333333,1.0,0.6666666666666666,1.0,0.6666666666666666,1.0,1.0,1.0,0.8519590445170673
5_expansion,Q31,confusable,0.42324237855019387,0.0,688,"['section-9.2-0', 'section-8.3-0', 'faq-28', 'faq-09', 'section-15-0']",0.139,1.0,1.0,1.0,1.0,1.0,1.0,1.0,1.0,1.0,1.0
5_expansion,Q32,superseded-trap,0.7228474643770237,0.0,500,"['section-5.6-0', 'figure-3', 'faq-07', 'section-10.3-0', 'section-1.3-0']",0.174,1.0,1.0,1.0,1.0,1.0,1.0,1.0,1.0,1.0,1.0
5_expansion,Q33,confusable,0.6237562204268339,0.0,614,"['section-13.3-0', 'section-13.1-0', 'section-12.2-0', 'section-13.4-0', 'figure-9']",0.154,0.0,0.0,1.0,1.0,1.0,1.0,1.0,1.0,0.5,0.6309297535714575
5_expansion,Q34,table,0.7235900731862466,0.0,585,"['section-4.3-0', 'section-4.4-0', 'section-4.1-0', 'faq-22', 'section-4.2-0']",0.167,1.0,1.0,1.0,1.0,1.0,1.0,1.0,1.0,1.0,1.0
5_expansion,Q35,abstain,0.5373535157807177,0.0,900,"['section-8.7-0', 'section-8.2-0', 'section-8.5-0', 'section-8.4-0', 'section-8.3-0']",0.152,,,,,,,,,,
5_expansion,Q36,image,0.698288760789722,0.0,469,"['figure-3', 'section-5.6-0', 'faq-07', 'faq-21', 'section-1.3-0']",0.186,1.0,1.0,1.0,1.0,1.0,1.0,1.0,1.0,1.0,1.0
6_rerank,Q01,table,0.8512746691703796,0.0,472,"['section-5.2-0', 'section-16.1-0', 'section-16.2-0', 'section-5.3-0', 'section-3.3-0']",14.538,1.0,1.0,1.0,1.0,1.0,1.0,1.0,1.0,1.0,1.0
6_rerank,Q02,override,0.9865168333053589,0.0,557,"['section-16.2-0', 'section-5.2-0', 'section-16.1-0', 'section-8.3-0', 'section-5.3-0']",7.256,1.0,0.5,1.0,1.0,1.0,1.0,1.0,1.0,1.0,1.0
6_rerank,Q03,image,0.7390950918197632,0.0,536,"['figure-3', 'section-5.6-0', 'section-6.1-0', 'faq-21', 'section-10.2-0']",8.945,1.0,1.0,1.0,1.0,1.0,1.0,1.0,1.0,1.0,1.0
6_rerank,Q04,confusable,0.02331600710749626,0.0,577,"['section-6.1-0', 'faq-20', 'figure-3', 'section-10.2-0', 'section-11.1-0']",10.311,1.0,1.0,1.0,1.0,1.0,1.0,1.0,1.0,1.0,1.0
6_rerank,Q05,image+override,0.999411940574646,0.0,798,"['section-3.2-0', 'figure-7', 'section-3.6-0', 'section-3.1-0', 'section-15-0']",9.677,1.0,0.5,1.0,1.0,1.0,1.0,1.0,1.0,1.0,1.0
6_rerank,Q06,confusable,0.9971655011177063,0.0,645,"['section-3.2-0', 'figure-7', 'section-3.6-0', 'section-3.4-0', 'section-4.1-0']",10.017,1.0,0.5,1.0,1.0,1.0,1.0,1.0,1.0,1.0,1.0
6_rerank,Q07,text,0.9861472249031067,0.0,388,"['section-3.4-0', 'faq-08', 'section-3.6-0', 'section-16.1-0', 'section-3.2-0']",9.215,1.0,1.0,1.0,1.0,1.0,1.0,1.0,1.0,1.0,1.0
6_rerank,Q08,confusable,0.9988609552383423,0.0,830,"['section-3.5-0', 'section-3.6-0', 'section-4.4-0', 'section-15-0', 'section-10.4-0']",18.829,1.0,1.0,1.0,1.0,1.0,1.0,1.0,1.0,1.0,1.0
6_rerank,Q09,confusable,0.9990302324295044,0.0,620,"['section-4.1-0', 'faq-00', 'section-4.4-0', 'section-4.2-0', 'section-3.4-0']",16.963,1.0,1.0,1.0,1.0,1.0,1.0,1.0,1.0,1.0,1.0
6_rerank,Q10,superseded-trap,0.8576167821884155,0.0,320,"['section-10.2-0', 'section-16.1-0', 'section-10.4-0', 'faq-01', 'section-5.5-0']",15.829,1.0,1.0,1.0,1.0,1.0,1.0,1.0,1.0,1.0,1.0
6_rerank,Q11,text,0.5531949996948242,0.0,265,"['section-10.3-0', 'section-5.6-0', 'faq-03', 'faq-07', 'section-1.3-0']",8.533,1.0,1.0,1.0,1.0,1.0,1.0,1.0,1.0,1.0,1.0
6_rerank,Q12,superseded-trap,0.9612794518470764,0.0,423,"['section-5.3-0', 'section-16.1-0', 'section-5.1-0', 'section-5.2-0', 'section-5.7-0']",11.682,1.0,1.0,1.0,1.0,1.0,1.0,1.0,1.0,1.0,1.0
6_rerank,Q13,image,0.8483905792236328,0.0,583,"['figure-5', 'section-8.2-0', 'figure-6', 'faq-12', 'section-7.4-0']",13.564,1.0,1.0,1.0,1.0,1.0,1.0,1.0,1.0,1.0,1.0
6_rerank,Q14,abstain,0.1310628056526184,0.0,587,"['section-8.3-0', 'faq-12', 'figure-4', 'section-7.4-0', 'section-1.2-0']",13.416,,,,,,,,,,
6_rerank,Q15,image,0.9640507698059082,0.0,851,"['figure-6', 'section-8.1-0', 'faq-13', 'figure-5', 'figure-1']",12.848,1.0,1.0,1.0,1.0,1.0,1.0,1.0,1.0,1.0,1.0
6_rerank,Q16,image,0.26331761479377747,0.0,452,"['figure-4', 'faq-04', 'section-7.3-0', 'section-7.2-0', 'section-11.3-0']",11.084,1.0,1.0,1.0,1.0,1.0,1.0,1.0,1.0,1.0,1.0
6_rerank,Q17,templated,0.9901817440986633,0.0,900,"['section-8.4-0', 'section-8.2-0', 'section-8.7-0', 'section-8.3-0', 'section-8.5-0']",8.297,1.0,1.0,1.0,1.0,1.0,1.0,1.0,1.0,1.0,1.0
6_rerank,Q18,superseded-trap,0.9756678938865662,0.0,683,"['section-7.1-0', 'section-15-0', 'section-16.1-0', 'figure-4', 'figure-2']",11.106,1.0,1.0,1.0,1.0,1.0,1.0,1.0,1.0,1.0,1.0
6_rerank,Q19,image,0.9779492616653442,0.0,334,"['faq-26', 'figure-8', 'section-12.1-0', 'faq-14', 'figure-5']",9.689,0.0,0.0,1.0,1.0,1.0,1.0,1.0,1.0,0.5,0.6309297535714575
6_rerank,Q20,image,0.9915887713432312,0.0,672,"['figure-9', 'section-13.2-0', 'faq-25', 'section-15-0', 'section-13.4-0']",11.241,1.0,1.0,1.0,1.0,1.0,1.0,1.0,1.0,1.0,1.0
6_rerank,Q21,confusable,0.9843542575836182,0.0,755,"['faq-25', 'section-13.2-0', 'figure-9', 'figure-4', 'section-15-0']",9.836,0.0,0.0,1.0,1.0,1.0,1.0,1.0,1.0,0.5,0.6309297535714575
6_rerank,Q22,confusable,0.9192406535148621,0.0,798,"['section-13.1-0', 'section-13.3-0', 'section-13.4-0', 'section-1.1-0', 'figure-1']",11.206,0.0,0.0,1.0,1.0,1.0,1.0,1.0,1.0,0.5,0.6309297535714575
6_rerank,Q23,text,0.982192873954773,0.0,481,"['section-11.1-0', 'faq-18', 'section-6.4-0', 'section-6.1-0', 'section-8.1-0']",8.61,1.0,1.0,1.0,1.0,1.0,1.0,1.0,1.0,1.0,1.0
6_rerank,Q24,confusable,0.9935017228126526,0.0,420,"['section-5.5-0', 'section-5.7-0', 'faq-25', 'section-5.3-0', 'figure-7']",8.673,1.0,1.0,1.0,1.0,1.0,1.0,1.0,1.0,1.0,1.0
6_rerank,Q25,abstain,0.19070467352867126,0.0,963,"['figure-1', 'section-1.1-0', 'figure-7', 'section-1.2-0', 'figure-4']",10.373,,,,,,,,,,
6_rerank,Q26,abstain,0.053101908415555954,0.0,904,"['section-1.1-0', 'section-1.2-0', 'section-15-0', 'figure-1', 'section-0-0']",11.092,,,,,,,,,,
6_rerank,Q27,table,0.979516863822937,0.0,841,"['section-2.4-0', 'section-9.3-0', 'section-4.1-0', 'section-4.4-0', 'section-15-0']",9.438,1.0,1.0,1.0,1.0,1.0,1.0,1.0,1.0,1.0,1.0
6_rerank,Q28,image,0.7434137463569641,0.0,510,"['figure-2', 'figure-7', 'section-2.6-0', 'section-1.3-0', 'section-16.1-0']",9.31,1.0,1.0,1.0,1.0,1.0,1.0,1.0,1.0,1.0,1.0
6_rerank,Q29,text,0.9965457320213318,0.0,554,"['section-3.3-0', 'faq-15', 'section-3.6-0', 'section-10.1-0', 'figure-7']",7.915,1.0,1.0,1.0,1.0,1.0,1.0,1.0,1.0,1.0,1.0
6_rerank,Q30,multi-hop,0.7161266207695007,0.0,724,"['section-8.5-0', 'faq-11', 'section-8.1-0', 'section-8.3-0', 'section-8.2-0']",12.585,1.0,0.3333333333333333,1.0,0.6666666666666666,1.0,1.0,1.0,1.0,1.0,0.9060254355346823
6_rerank,Q31,confusable,0.27899497747421265,0.0,752,"['section-9.2-0', 'section-15-0', 'figure-6', 'section-3.5-0', 'faq-28']",13.373,1.0,1.0,1.0,1.0,1.0,1.0,1.0,1.0,1.0,1.0
6_rerank,Q32,superseded-trap,0.9861809611320496,0.0,500,"['section-5.6-0', 'faq-07', 'figure-3', 'section-10.3-0', 'section-1.3-0']",8.557,1.0,1.0,1.0,1.0,1.0,1.0,1.0,1.0,1.0,1.0
6_rerank,Q33,confusable,0.9719383120536804,0.0,614,"['section-13.1-0', 'section-13.3-0', 'section-12.2-0', 'section-13.4-0', 'figure-9']",10.836,1.0,1.0,1.0,1.0,1.0,1.0,1.0,1.0,1.0,1.0
6_rerank,Q34,table,0.9979010820388794,0.0,951,"['section-4.3-0', 'section-4.4-0', 'figure-7', 'section-4.1-0', 'section-15-0']",10.783,1.0,1.0,1.0,1.0,1.0,1.0,1.0,1.0,1.0,1.0
6_rerank,Q35,abstain,0.0012198095209896564,0.0,900,"['section-8.3-0', 'section-8.7-0', 'section-8.2-0', 'section-8.5-0', 'section-8.4-0']",11.078,,,,,,,,,,
6_rerank,Q36,image,0.9651679992675781,0.0,618,"['figure-3', 'faq-07', 'section-5.6-0', 'section-1.3-0', 'section-4.1-0']",8.135,1.0,1.0,1.0,1.0,1.0,1.0,1.0,1.0,1.0,1.0
