experiment,id,category,top_score,superseded@5,words@5,top5,hit@1,recall@1,hit@3,recall@3,hit@5,recall@5,hit@10,recall@10,mrr,ndcg@10
1_fixed,Q01,table,0.6573916589417113,1.0,1391,"['fixed-009', 'fixed-029', 'fixed-028', 'fixed-017', 'fixed-008']",1.0,1.0,1.0,1.0,1.0,1.0,1.0,1.0,1.0,1.0
1_fixed,Q02,override,0.6059260415266738,1.0,1391,"['fixed-009', 'fixed-028', 'fixed-014', 'fixed-025', 'fixed-029']",1.0,0.5,1.0,1.0,1.0,1.0,1.0,1.0,1.0,1.0
1_fixed,Q03,image,0.6506075587004903,0.0,1500,"['fixed-010', 'fixed-020', 'fixed-025', 'fixed-026', 'fixed-009']",0.0,0.0,0.0,0.0,0.0,0.0,0.0,0.0,0.0,0.0
1_fixed,Q04,confusable,0.5710401280477791,0.0,1500,"['fixed-010', 'fixed-020', 'fixed-009', 'fixed-026', 'fixed-014']",1.0,1.0,1.0,1.0,1.0,1.0,1.0,1.0,1.0,1.0
1_fixed,Q05,image+override,0.7002777051561565,0.0,1500,"['fixed-004', 'fixed-006', 'fixed-005', 'fixed-003', 'fixed-007']",1.0,0.5,1.0,0.5,1.0,0.5,1.0,0.5,1.0,0.6131471927654584
1_fixed,Q06,confusable,0.7118369067582095,0.0,1500,"['fixed-004', 'fixed-005', 'fixed-006', 'fixed-003', 'fixed-007']",1.0,0.5,1.0,0.5,1.0,0.5,1.0,0.5,1.0,0.6131471927654584
1_fixed,Q07,text,0.6565614240625592,1.0,1391,"['fixed-005', 'fixed-006', 'fixed-025', 'fixed-029', 'fixed-008']",1.0,1.0,1.0,1.0,1.0,1.0,1.0,1.0,1.0,1.0
1_fixed,Q08,confusable,0.6271384776499093,0.0,1500,"['fixed-005', 'fixed-007', 'fixed-017', 'fixed-019', 'fixed-026']",1.0,1.0,1.0,1.0,1.0,1.0,1.0,1.0,1.0,1.0
1_fixed,Q09,confusable,0.7363418469902645,0.0,1500,"['fixed-006', 'fixed-007', 'fixed-005', 'fixed-004', 'fixed-003']",1.0,1.0,1.0,1.0,1.0,1.0,1.0,1.0,1.0,1.0
1_fixed,Q10,superseded-trap,0.5696208894630348,0.0,1500,"['fixed-020', 'fixed-019', 'fixed-010', 'fixed-024', 'fixed-008']",1.0,1.0,1.0,1.0,1.0,1.0,1.0,1.0,1.0,1.0
1_fixed,Q11,text,0.5693204903996935,0.0,1500,"['fixed-010', 'fixed-020', 'fixed-024', 'fixed-007', 'fixed-026']",0.0,0.0,1.0,1.0,1.0,1.0,1.0,1.0,0.5,0.6309297535714575
1_fixed,Q12,superseded-trap,0.6560924726190149,1.0,1391,"['fixed-009', 'fixed-029', 'fixed-008', 'fixed-028', 'fixed-010']",1.0,1.0,1.0,1.0,1.0,1.0,1.0,1.0,1.0,1.0
1_fixed,Q13,image,0.6399207010490054,1.0,1500,"['fixed-013', 'fixed-015', 'fixed-014', 'fixed-028', 'fixed-025']",0.0,0.0,0.0,0.0,0.0,0.0,0.0,0.0,0.0,0.0
1_fixed,Q14,abstain,0.640952659454079,1.0,1500,"['fixed-014', 'fixed-025', 'fixed-015', 'fixed-028', 'fixed-013']",,,,,,,,,,
1_fixed,Q15,image,0.46095153893928414,1.0,1500,"['fixed-013', 'fixed-017', 'fixed-028', 'fixed-014', 'fixed-000']",0.0,0.0,0.0,0.0,0.0,0.0,0.0,0.0,0.0,0.0
1_fixed,Q16,image,0.457879919142694,1.0,1500,"['fixed-012', 'fixed-023', 'fixed-011', 'fixed-027', 'fixed-028']",0.0,0.0,0.0,0.0,0.0,0.0,0.0,0.0,0.0,0.0
1_fixed,Q17,templated,0.5707330348536732,0.0,1500,"['fixed-015', 'fixed-013', 'fixed-009', 'fixed-026', 'fixed-020']",1.0,1.0,1.0,1.0,1.0,1.0,1.0,1.0,1.0,1.0
1_fixed,Q18,superseded-trap,0.5404877665170561,1.0,1391,"['fixed-011', 'fixed-027', 'fixed-029', 'fixed-028', 'fixed-012']",1.0,1.0,1.0,1.0,1.0,1.0,1.0,1.0,1.0,1.0
1_fixed,Q19,image,0.5039091133284431,1.0,1391,"['fixed-027', 'fixed-029', 'fixed-028', 'fixed-021', 'fixed-011']",0.0,0.0,0.0,0.0,0.0,0.0,0.0,0.0,0.0,0.0
1_fixed,Q20,image,0.6661538017931431,1.0,1500,"['fixed-023', 'fixed-022', 'fixed-027', 'fixed-024', 'fixed-028']",0.0,0.0,0.0,0.0,0.0,0.0,0.0,0.0,0.0,0.0
1_fixed,Q21,confusable,0.5713586146130942,1.0,1500,"['fixed-027', 'fixed-023', 'fixed-022', 'fixed-002', 'fixed-028']",0.0,0.0,1.0,1.0,1.0,1.0,1.0,1.0,0.5,0.6309297535714575
1_fixed,Q22,confusable,0.5177509803353797,1.0,1500,"['fixed-023', 'fixed-022', 'fixed-028', 'fixed-024', 'fixed-000']",1.0,1.0,1.0,1.0,1.0,1.0,1.0,1.0,1.0,1.0
1_fixed,Q23,text,0.5910522223355321,0.0,1500,"['fixed-020', 'fixed-021', 'fixed-010', 'fixed-026', 'fixed-011']",1.0,1.0,1.0,1.0,1.0,1.0,1.0,1.0,1.0,1.0
1_fixed,Q24,confusable,0.606417765210631,1.0,1391,"['fixed-010', 'fixed-021', 'fixed-009', 'fixed-028', 'fixed-029']",1.0,1.0,1.0,1.0,1.0,1.0,1.0,1.0,1.0,1.0
1_fixed,Q25,abstain,0.5412668468056142,0.0,1500,"['fixed-021', 'fixed-000', 'fixed-013', 'fixed-027', 'fixed-024']",,,,,,,,,,
1_fixed,Q26,abstain,0.5151485085877441,0.0,1500,"['fixed-000', 'fixed-021', 'fixed-013', 'fixed-027', 'fixed-024']",,,,,,,,,,
1_fixed,Q27,table,0.601881624176507,0.0,1500,"['fixed-002', 'fixed-019', 'fixed-026', 'fixed-003', 'fixed-007']",1.0,1.0,1.0,1.0,1.0,1.0,1.0,1.0,1.0,1.0
1_fixed,Q28,image,0.5153880494925533,0.0,1500,"['fixed-024', 'fixed-003', 'fixed-025', 'fixed-011', 'fixed-020']",0.0,0.0,0.0,0.0,0.0,0.0,0.0,0.0,0.0,0.0
1_fixed,Q29,text,0.6934227972355687,0.0,1500,"['fixed-004', 'fixed-005', 'fixed-006', 'fixed-019', 'fixed-003']",1.0,1.0,1.0,1.0,1.0,1.0,1.0,1.0,1.0,1.0
1_fixed,Q30,multi-hop,0.5697406120645854,0.0,1500,"['fixed-015', 'fixed-016', 'fixed-013', 'fixed-025', 'fixed-017']",1.0,0.6666666666666666,1.0,1.0,1.0,1.0,1.0,1.0,1.0,1.173196815056891
1_fixed,Q31,confusable,0.3950792912664605,0.0,1500,"['fixed-025', 'fixed-018', 'fixed-014', 'fixed-027', 'fixed-019']",0.0,0.0,1.0,1.0,1.0,1.0,1.0,1.0,0.5,0.6309297535714575
1_fixed,Q32,superseded-trap,0.6320610617172948,0.0,1500,"['fixed-010', 'fixed-025', 'fixed-024', 'fixed-020', 'fixed-026']",1.0,1.0,1.0,1.0,1.0,1.0,1.0,1.0,1.0,1.0
1_fixed,Q33,confusable,0.6798487226688388,1.0,1500,"['fixed-022', 'fixed-023', 'fixed-027', 'fixed-028', 'fixed-024']",1.0,1.0,1.0,1.0,1.0,1.0,1.0,1.0,1.0,1.0
1_fixed,Q34,table,0.6685659579201697,0.0,1500,"['fixed-007', 'fixed-008', 'fixed-006', 'fixed-026', 'fixed-024']",1.0,1.0,1.0,1.0,1.0,1.0,1.0,1.0,1.0,1.0
1_fixed,Q35,abstain,0.5479876112151492,0.0,1500,"['fixed-015', 'fixed-017', 'fixed-016', 'fixed-014', 'fixed-013']",,,,,,,,,,
1_fixed,Q36,image,0.639410945807956,0.0,1500,"['fixed-010', 'fixed-026', 'fixed-020', 'fixed-025', 'fixed-024']",0.0,0.0,0.0,0.0,0.0,0.0,0.0,0.0,0.0,0.0
2_section,Q01,table,0.6655577120938394,1.0,514,"['section-5.2-0', 'section-17.1-0', 'section-8.7-0', 'section-16.2-0', 'section-16.1-0']",1.0,1.0,1.0,1.0,1.0,1.0,1.0,1.0,1.0,1.0
2_section,Q02,override,0.7174660519291953,1.0,488,"['section-16.2-0', 'section-5.2-0', 'section-8.3-0', 'section-17.1-0', 'faq-11']",1.0,0.5,1.0,1.0,1.0,1.0,1.0,1.0,1.0,1.0
2_section,Q03,image,0.710583164442583,0.0,219,"['faq-21', 'faq-20', 'section-10.3-0', 'section-5.6-0', 'section-5.5-0']",0.0,0.0,0.0,0.0,0.0,0.0,0.0,0.0,0.0,0.0
2_section,Q04,confusable,0.5694238827333213,0.0,329,"['faq-20', 'section-6.1-0', 'section-5.5-0', 'section-5.4-0', 'section-10.3-0']",0.0,0.0,1.0,1.0,1.0,1.0,1.0,1.0,0.5,0.6309297535714575
2_section,Q05,image+override,0.7826216183062988,1.0,509,"['section-3.2-0', 'section-17.2-0', 'section-4.1-0', 'section-3.4-0', 'section-3.1-0']",1.0,0.5,1.0,0.5,1.0,0.5,1.0,0.5,1.0,0.6131471927654584
2_section,Q06,confusable,0.7421036518578557,1.0,509,"['section-3.2-0', 'section-17.2-0', 'section-4.1-0', 'section-3.1-0', 'section-3.4-0']",1.0,0.5,1.0,0.5,1.0,0.5,1.0,0.5,1.0,0.6131471927654584
2_section,Q07,text,0.7362378013293274,1.0,505,"['section-3.4-0', 'faq-08', 'section-3.2-0', 'section-17.2-0', 'section-4.4-0']",1.0,1.0,1.0,1.0,1.0,1.0,1.0,1.0,1.0,1.0
2_section,Q08,confusable,0.7052976650888656,0.0,726,"['section-3.5-0', 'section-4.4-0', 'section-3.2-0', 'section-8.7-0', 'section-1.2-0']",1.0,1.0,1.0,1.0,1.0,1.0,1.0,1.0,1.0,1.0
2_section,Q09,confusable,0.7549559747707921,1.0,377,"['section-4.1-0', 'faq-00', 'section-17.2-0', 'section-4.2-0', 'section-3.4-0']",1.0,1.0,1.0,1.0,1.0,1.0,1.0,1.0,1.0,1.0
2_section,Q10,superseded-trap,0.6910451884900324,1.0,350,"['section-17.3-0', 'section-10.2-0', 'faq-01', 'section-10.4-0', 'section-6.1-0']",0.0,0.0,1.0,1.0,1.0,1.0,1.0,1.0,0.5,0.6309297535714575
2_section,Q11,text,0.6272230231153557,0.0,473,"['faq-03', 'section-10.3-0', 'section-5.6-0', 'section-4.2-0', 'section-4.4-0']",0.0,0.0,1.0,1.0,1.0,1.0,1.0,1.0,0.5,0.6309297535714575
2_section,Q12,superseded-trap,0.7102237187835558,1.0,431,"['section-5.3-0', 'section-17.1-0', 'section-5.2-0', 'section-5.7-0', 'section-5.1-0']",1.0,1.0,1.0,1.0,1.0,1.0,1.0,1.0,1.0,1.0
2_section,Q13,image,0.6712702428569157,0.0,473,"['section-8.2-0', 'faq-27', 'section-8.4-0', 'section-7.4-0', 'faq-12']",0.0,0.0,0.0,0.0,0.0,0.0,0.0,0.0,0.0,0.0
2_section,Q14,abstain,0.6749835200012106,0.0,354,"['section-8.3-0', 'faq-11', 'section-16.2-0', 'faq-09', 'faq-12']",,,,,,,,,,
2_section,Q15,image,0.5384900547248119,0.0,618,"['faq-13', 'section-8.1-0', 'section-8.2-0', 'section-8.7-0', 'section-5.1-0']",0.0,0.0,0.0,0.0,0.0,0.0,0.0,0.0,0.0,0.0
2_section,Q16,image,0.5066561474303459,0.0,528,"['section-7.3-0', 'faq-04', 'section-1.4-0', 'section-6.2-0', 'section-15-0']",0.0,0.0,0.0,0.0,0.0,0.0,0.0,0.0,0.0,0.0
2_section,Q17,templated,0.624366892411814,0.0,699,"['section-8.4-0', 'section-8.2-0', 'faq-05', 'section-5.2-0', 'section-8.3-0']",1.0,1.0,1.0,1.0,1.0,1.0,1.0,1.0,1.0,1.0
2_section,Q18,superseded-trap,0.6902151012898808,1.0,497,"['section-7.1-0', 'section-17.4-0', 'section-6.4-0', 'section-7.2-0', 'section-15-0']",1.0,1.0,1.0,1.0,1.0,1.0,1.0,1.0,1.0,1.0
2_section,Q19,image,0.7065536726059557,0.0,282,"['faq-26', 'section-12.1-0', 'section-0-0', 'section-6.4-0', 'faq-14']",0.0,0.0,0.0,0.0,0.0,0.0,0.0,0.0,0.0,0.0
2_section,Q20,image,0.700536776443821,0.0,387,"['section-13.2-0', 'faq-25', 'section-13.4-0', 'faq-24', 'section-13.1-0']",0.0,0.0,0.0,0.0,0.0,0.0,0.0,0.0,0.0,0.0
2_section,Q21,confusable,0.7090115384457047,0.0,317,"['faq-25', 'section-13.2-0', 'faq-28', 'section-13.4-0', 'faq-04']",0.0,0.0,1.0,1.0,1.0,1.0,1.0,1.0,0.5,0.6309297535714575
2_section,Q22,confusable,0.6188435353975229,0.0,452,"['section-13.1-0', 'section-13.3-0', 'section-13.4-0', 'faq-23', 'section-16.1-0']",0.0,0.0,1.0,1.0,1.0,1.0,1.0,1.0,0.5,0.6309297535714575
2_section,Q23,text,0.7498922853029901,0.0,396,"['section-11.1-0', 'faq-18', 'section-5.5-0', 'section-6.1-0', 'section-6.4-0']",1.0,1.0,1.0,1.0,1.0,1.0,1.0,1.0,1.0,1.0
2_section,Q24,confusable,0.7269205875210152,0.0,398,"['section-5.5-0', 'section-5.7-0', 'section-6.4-0', 'section-11.1-0', 'section-6.1-0']",1.0,1.0,1.0,1.0,1.0,1.0,1.0,1.0,1.0,1.0
2_section,Q25,abstain,0.6013407027940059,0.0,421,"['section-1.1-0', 'section-1.2-0', 'section-11.4-0', 'section-11.3-0', 'section-8.1-0']",,,,,,,,,,
2_section,Q26,abstain,0.5473576795025179,0.0,421,"['section-1.1-0', 'section-1.2-0', 'section-11.4-0', 'section-8.1-0', 'section-11.3-0']",,,,,,,,,,
2_section,Q27,table,0.6439707508897685,0.0,478,"['section-2.4-0', 'section-9.3-0', 'faq-22', 'section-3.1-0', 'section-4.1-0']",1.0,1.0,1.0,1.0,1.0,1.0,1.0,1.0,1.0,1.0
2_section,Q28,image,0.5064384566156562,0.0,274,"['section-6.3-0', 'section-10.2-0', 'section-2.6-0', 'faq-01', 'section-13.4-0']",0.0,0.0,0.0,0.0,0.0,0.0,0.0,0.0,0.0,0.0
2_section,Q29,text,0.6869312100638119,0.0,553,"['section-3.3-0', 'section-3.1-0', 'section-4.1-0', 'section-10.1-0', 'faq-15']",1.0,1.0,1.0,1.0,1.0,1.0,1.0,1.0,1.0,1.0
2_section,Q30,multi-hop,0.6406588202708756,0.0,687,"['section-8.5-0', 'faq-11', 'section-8.1-0', 'section-8.7-0', 'section-8.6-0']",1.0,0.3333333333333333,1.0,0.6666666666666666,1.0,0.6666666666666666,1.0,1.0,1.0,0.8519590445170673
2_section,Q31,confusable,0.44183031071089635,0.0,510,"['section-9.2-0', 'section-8.3-0', 'faq-28', 'section-16.1-0', 'faq-09']",1.0,1.0,1.0,1.0,1.0,1.0,1.0,1.0,1.0,1.0
2_section,Q32,superseded-trap,0.7005371050536735,1.0,260,"['section-5.6-0', 'faq-07', 'section-10.3-0', 'section-17.1-0', 'faq-06']",1.0,1.0,1.0,1.0,1.0,1.0,1.0,1.0,1.0,1.0
2_section,Q33,confusable,0.6417425226995858,0.0,559,"['section-13.1-0', 'section-12.2-0', 'section-13.3-0', 'section-13.4-0', 'section-13.2-0']",1.0,1.0,1.0,1.0,1.0,1.0,1.0,1.0,1.0,1.0
2_section,Q34,table,0.7381730730969733,0.0,545,"['section-4.3-0', 'section-4.4-0', 'section-4.1-0', 'faq-22', 'faq-02']",1.0,1.0,1.0,1.0,1.0,1.0,1.0,1.0,1.0,1.0
2_section,Q35,abstain,0.533978314193641,0.0,893,"['section-8.2-0', 'section-8.6-0', 'section-8.7-0', 'section-8.4-0', 'section-8.5-0']",,,,,,,,,,
2_section,Q36,image,0.6862910568705433,0.0,197,"['section-5.6-0', 'faq-07', 'faq-21', 'faq-16', 'section-10.2-0']",0.0,0.0,0.0,0.0,0.0,0.0,0.0,0.0,0.0,0.0
3_section_path,Q01,table,0.6681845304855466,1.0,514,"['section-5.2-0', 'section-17.1-0', 'section-8.7-0', 'section-16.2-0', 'section-16.1-0']",1.0,1.0,1.0,1.0,1.0,1.0,1.0,1.0,1.0,1.0
3_section_path,Q02,override,0.6717334244454731,1.0,488,"['section-16.2-0', 'section-5.2-0', 'section-8.3-0', 'section-17.1-0', 'faq-11']",1.0,0.5,1.0,1.0,1.0,1.0,1.0,1.0,1.0,1.0
3_section_path,Q03,image,0.7025658647663717,0.0,219,"['faq-21', 'faq-20', 'section-5.6-0', 'section-10.3-0', 'section-5.5-0']",0.0,0.0,0.0,0.0,0.0,0.0,0.0,0.0,0.0,0.0
3_section_path,Q04,confusable,0.5741186902376404,0.0,416,"['faq-20', 'section-6.1-0', 'section-10.3-0', 'section-10.4-0', 'section-11.1-0']",0.0,0.0,1.0,1.0,1.0,1.0,1.0,1.0,0.5,0.6309297535714575
3_section_path,Q05,image+override,0.7611112773718588,1.0,509,"['section-3.2-0', 'section-17.2-0', 'section-3.1-0', 'section-4.1-0', 'section-3.4-0']",1.0,0.5,1.0,0.5,1.0,0.5,1.0,0.5,1.0,0.6131471927654584
3_section_path,Q06,confusable,0.7079345706938529,1.0,509,"['section-3.2-0', 'section-17.2-0', 'section-3.1-0', 'section-4.1-0', 'section-3.4-0']",1.0,0.5,1.0,0.5,1.0,0.5,1.0,0.5,1.0,0.6131471927654584
3_section_path,Q07,text,0.7527476166100273,1.0,342,"['section-3.4-0', 'faq-08', 'section-3.2-0', 'section-3.6-0', 'section-17.2-0']",1.0,1.0,1.0,1.0,1.0,1.0,1.0,1.0,1.0,1.0
3_section_path,Q08,confusable,0.6937017792248041,0.0,776,"['section-3.5-0', 'section-4.4-0', 'section-8.7-0', 'section-3.2-0', 'section-4.1-0']",1.0,1.0,1.0,1.0,1.0,1.0,1.0,1.0,1.0,1.0
3_section_path,Q09,confusable,0.7501113547612426,1.0,441,"['section-4.1-0', 'faq-00', 'section-17.2-0', 'section-4.2-0', 'section-3.1-0']",1.0,1.0,1.0,1.0,1.0,1.0,1.0,1.0,1.0,1.0
3_section_path,Q10,superseded-trap,0.691249596497195,1.0,350,"['section-17.3-0', 'section-10.2-0', 'faq-01', 'section-10.4-0', 'section-6.1-0']",0.0,0.0,1.0,1.0,1.0,1.0,1.0,1.0,0.5,0.6309297535714575
3_section_path,Q11,text,0.6831464153351637,0.0,231,"['section-10.3-0', 'faq-03', 'section-5.6-0', 'section-4.2-0', 'faq-07']",1.0,1.0,1.0,1.0,1.0,1.0,1.0,1.0,1.0,1.0
3_section_path,Q12,superseded-trap,0.7057678540600458,1.0,440,"['section-5.3-0', 'section-17.1-0', 'section-5.2-0', 'section-5.1-0', 'section-5.4-0']",1.0,1.0,1.0,1.0,1.0,1.0,1.0,1.0,1.0,1.0
3_section_path,Q13,image,0.6816110513222468,0.0,473,"['section-8.2-0', 'section-8.4-0', 'faq-27', 'faq-12', 'section-7.4-0']",0.0,0.0,0.0,0.0,0.0,0.0,0.0,0.0,0.0,0.0
3_section_path,Q14,abstain,0.6805436261588268,0.0,379,"['section-8.3-0', 'faq-11', 'section-16.2-0', 'faq-12', 'section-7.4-0']",,,,,,,,,,
3_section_path,Q15,image,0.5356864656781026,0.0,697,"['faq-13', 'section-8.1-0', 'section-8.2-0', 'section-8.7-0', 'section-8.4-0']",0.0,0.0,0.0,0.0,0.0,0.0,0.0,0.0,0.0,0.0
3_section_path,Q16,image,0.5037412237707104,0.0,528,"['section-7.3-0', 'faq-04', 'section-1.4-0', 'section-6.2-0', 'section-15-0']",0.0,0.0,0.0,0.0,0.0,0.0,0.0,0.0,0.0,0.0
3_section_path,Q17,templated,0.5947662240804775,0.0,699,"['section-8.4-0', 'faq-05', 'section-8.2-0', 'section-5.2-0', 'section-8.3-0']",1.0,1.0,1.0,1.0,1.0,1.0,1.0,1.0,1.0,1.0
3_section_path,Q18,superseded-trap,0.6715177021341555,1.0,361,"['section-7.1-0', 'section-17.4-0', 'section-16.1-0', 'section-6.4-0', 'section-13.1-0']",1.0,1.0,1.0,1.0,1.0,1.0,1.0,1.0,1.0,1.0
3_section_path,Q19,image,0.7329361755308116,1.0,280,"['faq-26', 'section-12.1-0', 'section-0-0', 'section-6.4-0', 'section-17.2-0']",0.0,0.0,0.0,0.0,0.0,0.0,0.0,0.0,0.0,0.0
3_section_path,Q20,image,0.6821166615300664,0.0,387,"['section-13.2-0', 'faq-25', 'section-13.4-0', 'section-13.1-0', 'faq-24']",0.0,0.0,0.0,0.0,0.0,0.0,0.0,0.0,0.0,0.0
3_section_path,Q21,confusable,0.7068873428720082,0.0,317,"['faq-25', 'section-13.2-0', 'faq-28', 'section-13.4-0', 'faq-04']",0.0,0.0,1.0,1.0,1.0,1.0,1.0,1.0,0.5,0.6309297535714575
3_section_path,Q22,confusable,0.6089117366789211,0.0,452,"['section-13.1-0', 'section-13.3-0', 'section-13.4-0', 'faq-23', 'section-16.1-0']",0.0,0.0,1.0,1.0,1.0,1.0,1.0,1.0,0.5,0.6309297535714575
3_section_path,Q23,text,0.7509230083481244,0.0,396,"['section-11.1-0', 'faq-18', 'section-5.5-0', 'section-6.4-0', 'section-6.1-0']",1.0,1.0,1.0,1.0,1.0,1.0,1.0,1.0,1.0,1.0
3_section_path,Q24,confusable,0.7054544532561646,1.0,345,"['section-5.5-0', 'section-11.1-0', 'section-6.4-0', 'section-5.7-0', 'section-17.1-0']",1.0,1.0,1.0,1.0,1.0,1.0,1.0,1.0,1.0,1.0
3_section_path,Q25,abstain,0.5990339811533749,0.0,384,"['section-1.1-0', 'section-1.2-0', 'section-1.4-0', 'section-11.4-0', 'section-11.3-0']",,,,,,,,,,
3_section_path,Q26,abstain,0.552949005343118,0.0,434,"['section-1.2-0', 'section-1.1-0', 'section-11.4-0', 'section-1.4-0', 'section-1.3-0']",,,,,,,,,,
3_section_path,Q27,table,0.644984793200971,1.0,486,"['section-2.4-0', 'section-9.3-0', 'section-3.1-0', 'section-17.2-0', 'section-4.1-0']",1.0,1.0,1.0,1.0,1.0,1.0,1.0,1.0,1.0,1.0
3_section_path,Q28,image,0.50770258933754,1.0,190,"['section-10.2-0', 'section-6.3-0', 'section-17.3-0', 'faq-01', 'section-2.6-0']",0.0,0.0,0.0,0.0,0.0,0.0,0.0,0.0,0.0,0.0
3_section_path,Q29,text,0.6636268735828863,1.0,476,"['section-3.3-0', 'section-3.1-0', 'section-17.2-0', 'faq-15', 'section-4.1-0']",1.0,1.0,1.0,1.0,1.0,1.0,1.0,1.0,1.0,1.0
3_section_path,Q30,multi-hop,0.6523986616744921,0.0,687,"['section-8.5-0', 'faq-11', 'section-8.1-0', 'section-8.7-0', 'section-8.6-0']",1.0,0.3333333333333333,1.0,0.6666666666666666,1.0,0.6666666666666666,1.0,1.0,1.0,0.86034433104172
3_section_path,Q31,confusable,0.4232422855858632,0.0,688,"['section-9.2-0', 'section-8.3-0', 'faq-28', 'faq-09', 'section-15-0']",1.0,1.0,1.0,1.0,1.0,1.0,1.0,1.0,1.0,1.0
3_section_path,Q32,superseded-trap,0.7228474643770237,1.0,330,"['section-5.6-0', 'faq-07', 'section-17.1-0', 'section-10.3-0', 'section-1.3-0']",1.0,1.0,1.0,1.0,1.0,1.0,1.0,1.0,1.0,1.0
3_section_path,Q33,confusable,0.6237562467107556,0.0,559,"['section-13.3-0', 'section-13.1-0', 'section-12.2-0', 'section-13.4-0', 'section-13.2-0']",0.0,0.0,1.0,1.0,1.0,1.0,1.0,1.0,0.5,0.6309297535714575
3_section_path,Q34,table,0.723590062379838,0.0,585,"['section-4.3-0', 'section-4.4-0', 'section-4.1-0', 'faq-22', 'section-4.2-0']",1.0,1.0,1.0,1.0,1.0,1.0,1.0,1.0,1.0,1.0
3_section_path,Q35,abstain,0.5373535893957881,0.0,900,"['section-8.7-0', 'section-8.2-0', 'section-8.5-0', 'section-8.4-0', 'section-8.3-0']",,,,,,,,,,
3_section_path,Q36,image,0.6685821429392236,0.0,236,"['section-5.6-0', 'faq-07', 'faq-21', 'section-1.3-0', 'faq-16']",0.0,0.0,0.0,0.0,0.0,0.0,0.0,0.0,0.0,0.0
3b_section_path_filter,Q01,table,0.6681845304855466,0.0,525,"['section-5.2-0', 'section-8.7-0', 'section-16.2-0', 'section-16.1-0', 'section-5.3-0']",1.0,1.0,1.0,1.0,1.0,1.0,1.0,1.0,1.0,1.0
3b_section_path_filter,Q02,override,0.6717334244454731,0.0,433,"['section-16.2-0', 'section-5.2-0', 'section-8.3-0', 'faq-11', 'faq-09']",1.0,0.5,1.0,1.0,1.0,1.0,1.0,1.0,1.0,1.0
3b_section_path_filter,Q03,image,0.7025658647663717,0.0,219,"['faq-21', 'faq-20', 'section-5.6-0', 'section-10.3-0', 'section-5.5-0']",0.0,0.0,0.0,0.0,0.0,0.0,0.0,0.0,0.0,0.0
3b_section_path_filter,Q04,confusable,0.5741186902376404,0.0,416,"['faq-20', 'section-6.1-0', 'section-10.3-0', 'section-10.4-0', 'section-11.1-0']",0.0,0.0,1.0,1.0,1.0,1.0,1.0,1.0,0.5,0.6309297535714575
3b_section_path_filter,Q05,image+override,0.7611112773718588,0.0,589,"['section-3.2-0', 'section-3.1-0', 'section-4.1-0', 'section-3.4-0', 'section-3.6-0']",1.0,0.5,1.0,0.5,1.0,0.5,1.0,0.5,1.0,0.6131471927654584
3b_section_path_filter,Q06,confusable,0.7079345706938529,0.0,589,"['section-3.2-0', 'section-3.1-0', 'section-4.1-0', 'section-3.4-0', 'section-3.6-0']",1.0,0.5,1.0,0.5,1.0,0.5,1.0,0.5,1.0,0.6131471927654584
3b_section_path_filter,Q07,text,0.7527476166100273,0.0,585,"['section-3.4-0', 'faq-08', 'section-3.2-0', 'section-3.6-0', 'section-4.4-0']",1.0,1.0,1.0,1.0,1.0,1.0,1.0,1.0,1.0,1.0
3b_section_path_filter,Q08,confusable,0.6937017792248041,0.0,776,"['section-3.5-0', 'section-4.4-0', 'section-8.7-0', 'section-3.2-0', 'section-4.1-0']",1.0,1.0,1.0,1.0,1.0,1.0,1.0,1.0,1.0,1.0
3b_section_path_filter,Q09,confusable,0.7501113547612426,0.0,489,"['section-4.1-0', 'faq-00', 'section-4.2-0', 'section-3.1-0', 'section-3.4-0']",1.0,1.0,1.0,1.0,1.0,1.0,1.0,1.0,1.0,1.0
3b_section_path_filter,Q10,superseded-trap,0.6806777300499576,0.0,373,"['section-10.2-0', 'faq-01', 'section-10.4-0', 'section-6.1-0', 'section-10.3-0']",1.0,1.0,1.0,1.0,1.0,1.0,1.0,1.0,1.0,1.0
3b_section_path_filter,Q11,text,0.6831464153351637,0.0,231,"['section-10.3-0', 'faq-03', 'section-5.6-0', 'section-4.2-0', 'faq-07']",1.0,1.0,1.0,1.0,1.0,1.0,1.0,1.0,1.0,1.0
3b_section_path_filter,Q12,superseded-trap,0.7057678540600458,0.0,401,"['section-5.3-0', 'section-5.2-0', 'section-5.1-0', 'section-5.4-0', 'section-5.7-0']",1.0,1.0,1.0,1.0,1.0,1.0,1.0,1.0,1.0,1.0
3b_section_path_filter,Q13,image,0.6816110513222468,0.0,473,"['section-8.2-0', 'section-8.4-0', 'faq-27', 'faq-12', 'section-7.4-0']",0.0,0.0,0.0,0.0,0.0,0.0,0.0,0.0,0.0,0.0
3b_section_path_filter,Q14,abstain,0.6805436261588268,0.0,379,"['section-8.3-0', 'faq-11', 'section-16.2-0', 'faq-12', 'section-7.4-0']",,,,,,,,,,
3b_section_path_filter,Q15,image,0.5356864656781026,0.0,697,"['faq-13', 'section-8.1-0', 'section-8.2-0', 'section-8.7-0', 'section-8.4-0']",0.0,0.0,0.0,0.0,0.0,0.0,0.0,0.0,0.0,0.0
3b_section_path_filter,Q16,image,0.5037412237707104,0.0,528,"['section-7.3-0', 'faq-04', 'section-1.4-0', 'section-6.2-0', 'section-15-0']",0.0,0.0,0.0,0.0,0.0,0.0,0.0,0.0,0.0,0.0
3b_section_path_filter,Q17,templated,0.5947662240804775,0.0,699,"['section-8.4-0', 'faq-05', 'section-8.2-0', 'section-5.2-0', 'section-8.3-0']",1.0,1.0,1.0,1.0,1.0,1.0,1.0,1.0,1.0,1.0
3b_section_path_filter,Q18,superseded-trap,0.6715177021341555,0.0,430,"['section-7.1-0', 'section-16.1-0', 'section-6.4-0', 'section-13.1-0', 'section-7.3-0']",1.0,1.0,1.0,1.0,1.0,1.0,1.0,1.0,1.0,1.0
3b_section_path_filter,Q19,image,0.7329361755308116,0.0,387,"['faq-26', 'section-12.1-0', 'section-0-0', 'section-6.4-0', 'section-6.1-0']",0.0,0.0,0.0,0.0,0.0,0.0,0.0,0.0,0.0,0.0
3b_section_path_filter,Q20,image,0.6821166615300664,0.0,387,"['section-13.2-0', 'faq-25', 'section-13.4-0', 'section-13.1-0', 'faq-24']",0.0,0.0,0.0,0.0,0.0,0.0,0.0,0.0,0.0,0.0
3b_section_path_filter,Q21,confusable,0.7068873428720082,0.0,317,"['faq-25', 'section-13.2-0', 'faq-28', 'section-13.4-0', 'faq-04']",0.0,0.0,1.0,1.0,1.0,1.0,1.0,1.0,0.5,0.6309297535714575
3b_section_path_filter,Q22,confusable,0.6089117366789211,0.0,452,"['section-13.1-0', 'section-13.3-0', 'section-13.4-0', 'faq-23', 'section-16.1-0']",0.0,0.0,1.0,1.0,1.0,1.0,1.0,1.0,0.5,0.6309297535714575
3b_section_path_filter,Q23,text,0.7509230083481244,0.0,396,"['section-11.1-0', 'faq-18', 'section-5.5-0', 'section-6.4-0', 'section-6.1-0']",1.0,1.0,1.0,1.0,1.0,1.0,1.0,1.0,1.0,1.0
3b_section_path_filter,Q24,confusable,0.7054544532561646,0.0,398,"['section-5.5-0', 'section-11.1-0', 'section-6.4-0', 'section-5.7-0', 'section-6.1-0']",1.0,1.0,1.0,1.0,1.0,1.0,1.0,1.0,1.0,1.0
3b_section_path_filter,Q25,abstain,0.5990339811533749,0.0,384,"['section-1.1-0', 'section-1.2-0', 'section-1.4-0', 'section-11.4-0', 'section-11.3-0']",,,,,,,,,,
3b_section_path_filter,Q26,abstain,0.552949005343118,0.0,434,"['section-1.2-0', 'section-1.1-0', 'section-11.4-0', 'section-1.4-0', 'section-1.3-0']",,,,,,,,,,
3b_section_path_filter,Q27,table,0.644984793200971,0.0,478,"['section-2.4-0', 'section-9.3-0', 'section-3.1-0', 'section-4.1-0', 'faq-22']",1.0,1.0,1.0,1.0,1.0,1.0,1.0,1.0,1.0,1.0
3b_section_path_filter,Q28,image,0.50770258933754,0.0,274,"['section-10.2-0', 'section-6.3-0', 'faq-01', 'section-2.6-0', 'section-13.4-0']",0.0,0.0,0.0,0.0,0.0,0.0,0.0,0.0,0.0,0.0
3b_section_path_filter,Q29,text,0.6636268735828863,0.0,553,"['section-3.3-0', 'section-3.1-0', 'faq-15', 'section-4.1-0', 'section-10.1-0']",1.0,1.0,1.0,1.0,1.0,1.0,1.0,1.0,1.0,1.0
3b_section_path_filter,Q30,multi-hop,0.6523986616744921,0.0,687,"['section-8.5-0', 'faq-11', 'section-8.1-0', 'section-8.7-0', 'section-8.6-0']",1.0,0.3333333333333333,1.0,0.6666666666666666,1.0,0.6666666666666666,1.0,1.0,1.0,0.86034433104172
3b_section_path_filter,Q31,confusable,0.4232422855858632,0.0,688,"['section-9.2-0', 'section-8.3-0', 'faq-28', 'faq-09', 'section-15-0']",1.0,1.0,1.0,1.0,1.0,1.0,1.0,1.0,1.0,1.0
3b_section_path_filter,Q32,superseded-trap,0.7228474643770237,0.0,274,"['section-5.6-0', 'faq-07', 'section-10.3-0', 'section-1.3-0', 'faq-06']",1.0,1.0,1.0,1.0,1.0,1.0,1.0,1.0,1.0,1.0
3b_section_path_filter,Q33,confusable,0.6237562467107556,0.0,559,"['section-13.3-0', 'section-13.1-0', 'section-12.2-0', 'section-13.4-0', 'section-13.2-0']",0.0,0.0,1.0,1.0,1.0,1.0,1.0,1.0,0.5,0.6309297535714575
3b_section_path_filter,Q34,table,0.723590062379838,0.0,585,"['section-4.3-0', 'section-4.4-0', 'section-4.1-0', 'faq-22', 'section-4.2-0']",1.0,1.0,1.0,1.0,1.0,1.0,1.0,1.0,1.0,1.0
3b_section_path_filter,Q35,abstain,0.5373535893957881,0.0,900,"['section-8.7-0', 'section-8.2-0', 'section-8.5-0', 'section-8.4-0', 'section-8.3-0']",,,,,,,,,,
3b_section_path_filter,Q36,image,0.6685821429392236,0.0,236,"['section-5.6-0', 'faq-07', 'faq-21', 'section-1.3-0', 'faq-16']",0.0,0.0,0.0,0.0,0.0,0.0,0.0,0.0,0.0,0.0
